angry,disgust,fear,happy,sad,surprise,neutral
6.002435460686684,6.477608671673352e-07,16.222183406352997,0.0149196523125283,10.101155191659927,66.68258309364319,0.9767249226570128
9.522566557507162e-06,1.6641795281048148e-15,87.32597231864929,1.1171210445581892e-05,4.208683606066188e-05,12.673965096473694,1.4745095769375103e-09
4.946931042582037e-06,2.633512907363397e-16,0.7950416766107082,2.2312581469952075e-10,5.967926313132921e-05,99.20489192008972,1.8056162467972039e-09
7.055035518859592e-05,8.926597515362184e-12,12.36490010409952,0.0001365274865269,87.63320968349038,9.41299941365665e-09,0.0016820872681248
0.0087193955550901,2.6877081831834515e-11,9.325601905584335,0.0006307153398665,9.767455821929616e-05,90.66495299339294,1.3439849233520818e-06
25.428237046494303,9.548588764824957e-05,3.156150693067949,0.0126556049775879,66.49298468190341,0.0161281039772542,4.893751361593686
0.149502707243127,7.696781449093368e-07,0.4218526901663953,0.2047437365200362,0.0014846967108506,99.22226662768524,0.0001518328508159
55.54717514200063,6.903469319116325e-07,0.1887631482266276,23.823587526296823,0.0608823182028423,20.36065133575507,0.0189462076756705
7.30147974081774e-05,2.0334185724113496e-09,0.0003274171831435,5.751975284962184e-10,2.745584584772587,6.59708702596684e-10,97.25401401519775
6.1580691431802,0.0062206676445181,85.12820512820512,0.2870151944169518,1.2825255115345426,5.856763175533007,1.2812010776222391
2.447525039315224,8.549489649567477e-06,30.99779188632965,0.1725824433378875,47.23609983921051,0.0292563257971778,19.116735458374023
0.6570309792179453,2.7970225137830014e-06,18.291544514390495,0.0035602572400648,0.2355776401953482,80.64911846215239,0.1631695292357819
9.9079145436236,0.0003047973859567,19.811255920604225,0.0042381040454969,16.21940828677465,0.0108191793597559,54.04606187618148
0.1993155225703431,1.963042519248551e-09,4.979372693858903,9.331186548960104e-05,93.20542771848604,0.0003403071989872,1.6154552841457894
0.0001597108848727,2.905750455788753e-11,3.627274185419082,3.2926037907600403,93.07951331138612,0.0001025875235427,0.0003474829782135
0.0003294927637398,2.273220278681265e-07,2.133900858461857,97.5212335586548,0.2921106293797493,0.000124442226479,0.052303698612377
4.791359143934199,5.43260885572768e-05,12.424371387026987,0.0121943441619519,79.87887143366763,0.0078931084474631,2.8852600461399582
15.219119515314045,8.040894776000786e-05,1.8122025131824628,0.0650273306048459,0.0563426126836374,82.84669313987412,0.0005391709880043
7.319066800959921,3.913955848597672e-06,54.74904832232574,0.030508996131971,19.00483894405829,18.83872077926645,0.0578142538668815
2.813776768743992,1.7131926988156465e-07,2.583979442715645,0.0011860221093229,89.4538402557373,0.0001168960920949,5.147102475166321
2.563610621564294e-05,6.13858703452097e-10,7.550545036792755,0.000362883724847,0.073607440572232,89.82072472572327,2.554735913872719
8.253320789234987e-06,2.956449023382209e-10,9.1863871469542e-06,99.99839067439922,0.0014614447459775,5.011971060583865e-16,0.0001323251738941
3.896454721689224,1.783838743385502e-07,87.41646409034729,4.7113940127019305e-05,8.120079338550568,0.5612863693386316,0.005669098754879
0.6786548532545567,0.0094443603302352,98.282653093338,0.0036208712117513,0.110435823444277,0.0058511432143859,0.9093391709029676
2.6546327557327036e-14,7.79198905894541e-29,1.69225924939731e-08,9.091745412082021e-09,1.589052232020549e-05,2.1018950469020578e-10,99.99998807907104
2.052522241058341e-06,2.872737386903581e-15,0.000365736968888,1.6812439440627711e-06,99.99877214431764,2.7498012547533257e-10,0.000861083935888
0.0321501080179587,2.0361301620447358e-10,0.055832986254245,0.0003002784296768,25.36123394966125,3.5513841112333466e-05,74.55044984817505
0.0086712713377338,7.616492465540136e-10,68.98653876941934,0.0400096857955308,0.0052557968148104,30.95704544102604,0.0024751304186608
7.627977689009157e-19,0.0,1.6899996069241752e-06,3.431644718550602e-13,1.990342610724838e-05,3.3803355080352926e-10,99.99997615814208
2.177683988691115e-06,4.536654797486495e-11,1.9218370539419997e-05,0.0030875497031956,57.36939311027527,5.200073444761032e-10,42.627501487731934
0.2388080776214142,1.5268561414287726e-05,1.2925746368005222,95.50974288757018,0.5075776925821947,8.862947162266496e-06,2.451278521349165
8.371579469790824e-18,2.0825360087009645e-29,0.0950366839136441,2.900646042222342e-09,1.74082136992513e-13,0.0588109926450099,99.84615444220032
8.44718150204792e-07,3.0293326760070095e-12,15.313227139326676,0.0009831791168223,4.467634262862923e-06,84.6854228156301,0.0003538553561333
0.2382857026532292,1.3996146464023698e-07,69.50851082801819,0.0002279541376992,30.2179217338562,0.0120738201076164,0.022982113296166
11.786674048104995,4.222382650881501e-06,81.06659280459967,3.671269428240861e-06,7.119957253938049,1.3816842910272286e-05,0.0267460182788871
2.353581647748185e-06,3.0045558762066445e-11,4.430584163844982e-06,0.0028648007971674,0.0016514798592028,1.841907070073293e-07,99.9954760071919
4.0845415938406404e-07,8.111162783097646e-10,47.03814089298248,0.0452149310149252,0.0098108270321972,4.771358519792557,48.13547730445862
1.1568305069431515e-05,2.8754331814900835e-11,2.0549189299345016,0.0003427384626775,93.38040351867676,1.0934303418252966e-05,4.564312472939491
0.0129327352624386,1.755840695061295e-07,9.51382890343666,0.1218053279444575,27.764788269996643,0.0032082643883768,62.58343458175659
0.1861654465746347,3.503678706934647e-06,65.2394455385869,0.0061237762541572,28.49982935192235,0.0063002051085454,6.062127299651229
0.000133695422175,2.307130860961676e-11,0.08716116363957,0.0265700321881864,2.139905935655634e-07,99.88613724029882,2.5027770238126506e-07
0.1234330659729579,7.924716910973073e-09,87.40141316660721,0.0819306170973549,0.2575091705476743,12.098629748739585,0.0370790389115535
3.028348082503562,3.7416777685981234e-06,89.09482890932732,0.4561402175510059,4.553345117172308,2.231938711222333,0.6353986362605474
0.1470141345635056,6.814977471236716e-07,88.51746320724487,0.0826886389404535,0.0020737665181513,11.250586062669754,0.0001756433789523
20.052510499954224,1.922823500422055e-06,24.24837201833725,0.6112914066761732,18.25756132602692,12.861409783363342,23.968854546546936
2.84866241953745,8.222768734196845e-07,85.30097516184897,0.6709156492153197,3.608926600749886,6.199406829441001,1.3711152484187632
0.7865829393267632,8.869612683204409e-09,11.61339059472084,0.0075615978857968,22.23004847764969,0.0644947460386902,65.29792547225952
0.2699263859540224,4.287039345740595e-06,98.11200499534608,0.0789626617915928,0.2882811240851879,0.442213611677289,0.8086054585874081
0.0034557549952296,2.6416076357588247e-11,12.984460592269896,0.0008269651516457,1.943416982896906e-07,87.01125383377075,1.653674419621609e-08
0.1415006350725889,2.2335888694158257e-07,58.66625308990479,0.041506698471494,8.337032113558962e-05,41.15065634250641,1.1504133201611921e-07
1.8074008067969767e-06,2.1866698163851602e-15,0.0375945004634559,4.798786368276353e-09,7.476415042617647e-08,99.96240139007568,7.553479543231932e-10
0.0140650605317205,4.109316985539784e-12,90.7151460647583,3.075396648455353e-05,0.0326582259731367,9.238099306821823,3.477223786685357e-08
68.79987716674805,0.0010254283552058,9.460584819316864,0.0424844707595184,18.559759855270386,0.4650333430618047,2.671230770647526
2.3063214495778084,2.073518468037605e-07,0.9964177384972572,64.91836309432983,1.9741136580705645,1.062095258384943,28.74268591403961
3.194292053088077e-10,1.3718030817694672e-21,9.274731382902246e-05,0.0061655955505557,8.816944507827884e-07,2.1240422649079858e-13,99.99374151229858
18.399667739868164,0.0001586907387718,59.3140184879303,0.4756289068609476,11.426892131567,3.195040300488472,7.1885935962200165
2.8055217755884864e-13,3.904864398420987e-31,1.4505153744792665e-07,7.562401371785654e-07,1.5116401186343612e-08,2.4056076575185162e-08,100.0
3.957053833411145e-11,4.891616531308932e-18,0.013337405902421,3.152913922467057e-05,7.030048074144571e-07,0.0010375099627656,99.9855935564991
6.004502210998908e-05,1.1286101830876305e-06,11.99832633137703,0.0019355698896106,28.66140902042389,8.480352562401094e-05,59.33818817138672
0.0006759519692423,1.9335043739450582e-14,0.0128843676066026,0.0042300092900404,0.0322706153383478,0.0034877335565397,99.94645714759828
0.0364737759809941,2.6332247493598974e-08,74.4411051273346,0.0216502827242948,0.002370216861891,25.498399138450623,7.445400296290927e-07
0.7645793259143829,0.0021183017452131,19.030261039733887,0.0959228142164647,65.73446393013,0.2366530476137995,14.136004447937012
0.0981742748373121,0.0098699422836279,60.41977877381101,31.941210396145536,4.320824003717422,0.0096961589671127,3.2004382371380045
0.0952539619128153,1.3525042805450738e-07,1.6483165221433016,0.0001342586596387,3.259873759790777e-06,98.25629016682026,1.90038273556232e-07
3.67406972657803,5.510945708960502e-07,27.21140060288899,5.700307954474953e-05,64.78982987525107,0.0013625050282041,4.323274871912614
5.505910727343633e-08,3.542683248642375e-17,84.25580263137817,2.998542081300571e-07,0.0950204732362181,0.0214675936149433,15.627706050872805
7.987516897900447e-10,1.418228662323172e-13,99.9997615814209,1.3234160989306076e-08,0.0002441379365336,9.333323231029006e-12,1.1756610442115176e-09
5.338526889681816,0.0557193183340132,84.77360010147095,0.2305667614564299,2.4542033672332764,5.889846384525299,1.2575410306453705
0.3649223114876336,2.3195229343114127e-07,3.901307144838997,0.002144692862707,0.0024891592721628,95.72913621241666,2.001042828581233e-06
1.0440357651731829,3.285222512221565e-07,14.931576843951753,3.4136695506670074e-06,7.644979366360865,0.0655763181363086,76.3138280101912
20.24203836917877,0.3813693299889564,2.1854164078831677,2.782671526074409,4.840812087059021,0.3845230443403125,69.18317079544067
0.0219676599954254,1.5676664411046207e-07,0.0971949484664946,83.49068760871887,0.1807822263799607,0.0021132087567821,16.20725691318512
7.812409102916717,9.972852765827156e-07,7.818210870027542,0.000946084219322,75.0449538230896,0.0018875969544751,9.321591258049011
0.8256100065279,6.039999779727758e-07,6.308676295438255,0.1057775448639637,0.1061458828983148,90.65404049705975,1.999748073548308
35.31734347343445,2.5069303433156165e-05,2.987746149301529,0.0046587938413722,56.25305771827698,1.5629544854164124,3.8742169737815857
0.0092680835223291,2.7268776971699216e-11,0.3005704144015908,0.0016540328942937,19.890162348747253,0.0226108313654549,79.77573871612549
33.691588044166565,1.673794956802421e-09,1.220928282918976e-05,1.921988257436169e-05,66.25453233718872,6.789119949986948e-14,0.0538514694198966
0.002807228505821,2.282152006089057e-14,0.0896118867538503,9.227736313022561e-10,2.2180741112276383,3.3387332223876187e-06,97.68950329360383
0.0010462792488397,9.621807517401493e-09,9.213981684297325e-05,94.75176930427553,0.0059559817600529,0.0005304768819769,5.240607634186745
2.003579027950764,1.4192796982115397e-05,12.821321189403534,0.0578781822696328,0.0218248474993743,85.09014844894409,0.0052321825933177
0.1815952027736362,2.270901491236509,87.86799456262654,0.1400928311684333,0.1275778828840991,0.0059022783046899,9.405930709131871
0.6034066434949636,1.952383144043779e-06,22.86307662725449,0.015354246716015,0.0265715352725237,76.49144530296326,0.0001461496594856
2.3643823579772363e-14,3.2043218360572254e-33,99.5434582233429,4.1134500722179996e-14,7.316145606006685e-09,0.0213817009353078,0.4351595882326364
0.1287151826545596,0.000897771496966,25.785964727401733,0.0031005522032501,30.02745509147644,0.0004965128482581,44.05336678028107
7.71879255771637,6.136248771326791e-05,22.01294451951981,0.0141152922878973,36.15826070308685,0.0075609568739309,34.088265895843506
0.0181159204541881,0.000338642346099,43.20153553495023,1.9456924343448e-06,56.6151175865601,1.2128172523080742e-07,0.1648912537405642
14.220110429531957,0.0001388015644774,7.994582235490217,0.0788282184349428,2.849424800242472,74.83329622943975,0.0236222272616089
0.0002528335394978,4.0323879453431955e-10,25.935067292157846,2.330684406723534e-06,74.0359290859657,2.395570863746012e-11,0.0287499790685238
0.000517540896833,1.4820676059378298e-05,0.0040714736922637,99.8152136692532,0.0034429280509682,0.0003054304170443,0.1764343458151427
2.2648807615041733,2.907948442043562e-05,39.26808536052704,0.5453730467706919,53.02932262420654,0.1273596659302711,4.764948040246964
0.1053677979045751,3.471601758552988e-09,86.27171680072345,0.0899195971342656,0.2298798138046486,13.298247659415283,0.0048680938215777
26.608318090438843,8.954761483437323e-05,8.814823627471924,0.0001749552438923,32.11473226547241,0.0001820803731789,32.46167600154877
36.92724924845989,0.000118524265206,11.362445286658126,0.4077275060997907,43.60643289127546,0.3385528658212939,7.357474855034044
0.0190241928492191,3.814141938141209e-09,11.674466679958504,0.0162231352653174,0.0011044194001253,88.28917075927083,1.3528028215726278e-05
0.0598443672060966,5.239084860386711e-09,98.62026572227478,0.0008295242878375,1.3068195432424543,0.0098964512289967,0.0023517994122812
43.51862150208694,0.0001762527648663,10.42937288530196,0.0406440531812246,44.58791976119044,1.1340171609500456,0.2892413763116149
4.236123882145525e-06,1.3192832588957285e-15,0.1329288780758606,1.3042797842010986e-06,99.06536335142631,2.3421359564900957e-11,0.801699283820348
0.0152145803440362,1.1184285142462612e-05,12.43472546339035,0.0038977137592155,0.0026197700208285,87.54348158836365,5.026828944210138e-05
2.7317285303311665,2.766533300809921e-06,67.64248416677023,0.0016877961667081,29.381703101498072,0.1776200825047542,0.0647738323505272
4.223537948553318,2.0028066217145078e-05,68.6193965219732,0.0111222957073746,26.78316256799252,0.2434236753342956,0.1193387692564748
0.2718136180192232,4.093998473564398e-07,65.07806181907654,0.1524990075267851,0.0699130469001829,34.422603249549866,0.0051119339332217
15.540708601474762,2.9843445759070164e-05,75.69026350975037,0.0779135676566511,8.318997174501419,0.292086461558938,0.0800029607489705
8.771886454337029,0.0002665925580653,39.97334480126767,0.0399357401122221,44.58469418196047,4.772717790169584,1.8571551133486697
2.982640978356614e-06,5.148584776272586e-19,3.741774443877275e-07,3.96043239842193e-07,0.0057512832847058,3.353389009441465e-14,99.99424219200108
1.2175650355450266e-13,1.972940426541737e-24,0.0182967887683874,1.5582131059767488e-06,3.202508015590988e-09,0.0012073451596287,99.98049140209062
8.617005997635374e-08,8.315407642798559e-16,0.0012258150491106,0.0017500895410194,22.887839376926426,1.028263793556583e-08,77.1091878414154
37.81642841198614,0.0032243011549397,2.323395711087925,5.600850245407238,12.923932845826917,0.0674658669790397,41.26470334915539
0.1825176179409027,1.622996737005167e-07,61.71931028366089,4.419533535838127,32.36217498779297,0.1195629010908305,1.196900196373463
8.417941371447876,7.655099463255104e-06,79.1349197465277,0.0009985437546846,1.0563640527291236,2.3947984850646877,8.994961202745294
46.26306593418121,0.0001787073870218,5.096049979329109,1.372530497610569,6.081588193774223,40.993717312812805,0.1928738201968372
0.1331995087906425,0.0008891007912717,48.284441130426,0.0596371282048301,0.1016837721762819,51.40970655737559,0.0104454163052203
3.0291320148038e-07,6.685015658183523e-13,72.32276036278965,8.265973953953785e-08,11.354190787922787,3.091764806382024e-07,16.323050339403768
0.6745423190295696,2.3111002889208976e-06,11.95078268647194,0.0063959007093217,0.0080916783190332,87.36018538475037,3.721540053902572e-06
0.0078005190312709,1.660243196669874e-11,75.36163027743932,0.0015012015894485,0.0196866929578625,24.60936610587047,1.0447254970274476e-05
8.598111681387285e-13,6.391446098369138e-22,99.89551901194568,6.610999642081939e-09,0.0715420798665779,2.082005698985456e-09,0.0329371910616571
1.1797762766718732e-05,6.537899697534391e-12,0.0298293656669557,0.0937449396587908,2.8818514198064804,4.0515069077429195e-08,96.99456691741943
8.828729235883439e-13,4.902884294756055e-19,0.5218138296230043,1.0477536166434564e-05,0.0068103020633862,1.3607061631840536e-07,99.47136050804131
15.349664708951993,0.0570716370386861,14.925540383192324,0.125125849627009,35.448925819928995,0.4967515187264394,33.59692296963471
0.5129407931381936,1.0273230701174223e-05,2.2276952327904245,0.0221781314880591,0.0650185140885272,97.17150909730846,0.0006474063797472
8.050596225454114e-07,8.020500398468475e-13,89.92541372331462,4.875734880021047e-05,9.821704615456142,9.75761335493028e-09,0.2528366084970002
0.7739575114101171,1.7673873031753828e-06,14.293327927589417,31.53928816318512,0.0004441203600435,53.27165722846985,0.1213188865222036
0.126263169886837,7.716196183648876e-06,99.28920277485814,0.0078887501931655,6.992578695161433e-05,0.5765646940094598,1.3371927525485345e-07
0.1329464330178281,3.865396430664767e-09,0.3680359366269783,0.6719466429118344,0.0051833119147094,98.7375499322951,0.0843366682109483
0.0674819340929389,1.2298408125221982e-08,97.16355800628662,0.0011703969903464,2.002111077308655,0.7652777712792158,0.0004079871359863
30.201892864816955,6.597838852649378e-12,0.0587781285976993,0.0005825850968724,65.3986075758104,1.7362969042719393e-08,4.340144505509406
7.832664996385574,0.0001328599637417,68.97873282432556,0.0093102236860431,23.003971576690677,0.0038537193177035,0.171335635241121
0.0011132379522288,1.0071168499927443e-06,5.919662470797448,80.9897590273475,13.031921567435358,1.408075517956274e-05,0.0575373158160487
2.644381962359664e-05,2.6794539427428014e-13,0.9907425131508693,0.0156522666188048,3.69674854615348,1.2686374959573323e-10,95.29682453908627
0.131275353487581,1.859935849779504e-06,14.491188526153564,0.0006057947757653,84.88409519195557,0.0002311805019417,0.492601003497839
1.9542574882507324,8.800582662615852e-06,73.91119003295898,0.0542469148058444,0.2290657488629222,23.84661585092545,0.0046189928980311
0.0409389118431136,1.3841818024313712e-14,0.0069140070991124,0.0053706848120782,99.93880987167358,5.210866053971877e-12,0.0079709934652782
2.523307058013327,6.454758830847731e-07,35.9068764337154,0.1608930254302055,4.819109865320905,3.9465700324261226,52.643245773702354
1.3175179375630603e-06,7.421696378096165e-11,3.654528346117932,2.164792531408524e-05,93.38096459138816,4.50930083919222e-06,2.964479309084498
2.909449743570984e-06,4.181691631302953e-08,0.2182458890301519,0.079511081649651,0.0008889409930431,1.1126373730510775e-05,99.70133898862235
0.1636350876651704,2.2985705006028926e-08,71.90073728561401,0.0043862761231139,27.870410680770878,0.0405352737288922,0.0202974915737286
0.3744021048412981,2.2046023431183306,10.325506944984612,74.20207108271546,9.498654872098856,8.17363846696714e-05,3.394683652799347
0.7548085413873196,0.004833723505726,97.09641933441162,0.2306801732629537,0.256761466152966,0.0229986675549298,1.6334928572177887
0.0420166117270133,2.881124980943194e-10,85.05618483163028,0.0034001756128726,3.605205664617423e-05,14.898365133903331,4.574907891221888e-11
2.205037884414196,1.9908408255275845e-07,9.999246150255203,5.84280257953651e-05,60.42704582214356,0.0063767634856048,27.36223936080933
13.931307196617126,5.072405162565019e-07,6.932614743709564,0.0016810943634482,0.2264392795041203,78.87465953826904,0.033296161564067
0.3650035476312041,6.5997020348707025e-09,22.077655792236328,0.0267333292867988,0.0130315966089256,77.51747369766235,0.0001038687173604
3.02487518041582,6.972520893249584e-09,1.1426068592135226,1.7811761306176404e-05,34.38503947168824,0.0001287054791963,61.4473319916327
7.697045230513242,3.0048245254661065e-08,3.231615585877369,1.82401298868811,10.766977610227777,0.0084569687792025,76.4718921747079
69.68052387237549,0.0244425580604001,6.803110986948013,0.0008965668712335,21.215707063674927,0.8490197360515594,1.426299288868904
2.958829847798939e-07,1.5866853254995104e-12,0.9150621481239796,1.9022837471904808e-08,99.08483028411864,1.3513946905963079e-10,0.0001074430770131
0.0002607140231702,2.769971396982584e-19,99.95378255844116,0.0003962899882026,3.805895892492958e-12,0.0455089641036465,5.320815716913785e-05
0.0001539325353405,6.189632910963309e-14,5.8945126831531525,8.140719387483841e-05,7.101510934859334e-07,94.1052496433258,5.738723038439808e-09
0.0122192977876728,1.0651490103094653e-06,98.87632720925374,0.3836488347067734,0.000934498676764,0.7210555450502363,0.005813924854939
0.3754181787371635,4.249294249802915e-07,25.6929874420166,1.0391080752015114,0.0047983092372305,72.88767695426941,9.512723408988675e-06
9.338856488466265,0.0181965646333992,19.53790485858917,0.2855838974937796,64.50446248054504,0.2437165006995201,6.071280315518379
2.546917460858822,5.085604115606657e-06,79.45194840431213,0.0021692134396289,14.330078661441805,0.0642440689262002,3.604644164443016
28.315886855125427,0.0088383800175506,18.392781913280487,2.2843001410365105,2.99471877515316,47.860535979270935,0.1429461408406496
6.984814149291196e-05,7.485687092412263e-06,1.0339004918932917,3.0364446341991425,95.06244659423828,3.1609538256186297e-12,0.8671301417052746
0.1067754876181773,0.0003618810285081,5.157279530601474,0.0204909997982196,34.808816600371394,0.0024595590377336,59.90381597899294
0.7609016727656126,3.815198504342199e-09,18.379367887973785,0.0001107560365198,77.5213897228241,0.0091106827312614,3.3291179686784744
0.0783410447183996,8.000258788776193e-08,72.97479510307312,0.7768785580992699,0.2825643168762326,25.853753089904785,0.0336726196110248
0.0045999197027413,6.633567935405982e-11,86.29458546638489,0.0026777413950185,12.430518120527267,1.2671569362282753,0.0004623641416401
1.1060635287203509,4.215904676851577e-05,97.99619305111128,0.0006137250604488,0.793462666479508,0.0232872246907859,0.0803366351328274
0.4727293173695424,4.9999862868139294e-09,17.493737638743205,0.0348313000673368,70.37173862794177,0.1592075844494898,11.467751983672144
15.163461863994598,0.0340600294293835,73.91257286071777,0.0310040253680199,3.711722791194916,5.942683666944504,1.204494945704937
10.354434698820114,1.970815510787816e-07,55.08955717086792,0.0004043706667289,33.98037552833557,0.0144689009175635,0.5607600323855877
5.480510368943214,0.0002130389020749,93.65862607955933,0.0060259269957896,0.2725548576563597,0.5337825510650873,0.0482854782603681
0.0104877508420031,0.0002443079210934,0.642076600342989,0.0003436270390011,98.79956841468812,0.0004519283265835,0.5468278657644987
0.140653271228075,2.593259829097861e-07,42.44379103183746,10.017523914575577,24.84390288591385,13.458383083343506,9.095747768878937
1.5197191387414932,4.6428857980451716e-08,10.275813192129135,0.0016516756659257,76.97288990020752,0.0188040430657565,11.211127042770386
0.6043555215001106,4.797664002187395e-10,9.995443373918532,1.3271294063699204e-07,87.97683715820312,2.247411998723692e-05,1.4233440160751345
7.022964209318161,1.2269156357547215e-06,9.637559950351717,0.0020783891159226,25.84071159362793,0.0220043759327381,57.47467875480652
4.213020177949029e-11,3.536109775984767e-20,2.1205846678640228e-05,7.422418426682609e-13,99.99997615814208,3.005139425792201e-25,6.939756495155658e-10
24.613268673419952,0.0057899851526599,25.25821626186371,3.492407873272896,20.073838531970974,0.6662045605480671,25.890272855758667
1.0068289935588837,2.4001503562409713e-08,28.478798270225525,2.6330722491252345e-06,70.26855945587158,0.0002672099981282,0.245545944198966
0.9571105241775512,9.555385128978686e-10,14.469589293003082,0.6108925212174654,12.05429956316948,0.0002120396857208,71.90790176391602
0.1684806658886373,4.6363461030443636e-11,0.0422279961640015,0.7457157131284475,22.18945175409317,8.316639537042647e-05,76.85403823852539
2.729792706668377,5.072377184944799e-07,10.9334759414196,0.0001830995302043,70.22770047187805,0.0009622069228498,16.107887029647827
0.0092806323664262,9.603032751588289e-14,0.1132346456870436,48.26788008213043,1.842018981790261e-07,51.60959959030152,7.668571555541348e-06
1.6234879751664266e-05,4.393498686042727e-15,10.183478146791458,0.0382072088541463,22.720563411712646,18.936188519001007,48.12154769897461
7.292517274618149,2.3017440753392293e-05,46.67792320251465,5.369500443339348,23.955748975276947,10.461349785327911,6.242933869361877
0.0325752722980779,2.8733592799807845e-05,56.11426307132996,5.972148401511337e-10,43.85302887595044,1.0800058967236349e-10,0.0001098905744616
0.0063276405586507,1.1995008319004757e-12,85.2741616637514,0.0002175500835485,0.5832112164692621,14.135962529663738,0.0001190677466125
0.4318950955209193,2.594917546742764e-07,98.30360402486347,0.0868214404271656,1.1375605806744444,1.3576727219016807e-06,0.0401178311487112
1.6207161394188487,1.7437566103128634e-10,0.0274106352629891,0.1666970999619126,0.3932468827513982,0.0763324484091966,97.7155982086419
0.0003004572542438,3.010747280844295e-12,0.0299868715639782,0.0006563421657247,93.84510480434326,9.137478645187711e-10,6.123952560064349
3.568929061293602,0.0012962193977728,0.1159353530965745,7.833934319023683e-05,95.94861268997192,1.2159654394494626e-07,0.3651507897302508
2.632637290389539e-05,2.345036708220616e-10,0.1511633628979325,0.0256740255281329,0.8150163106620312,6.526375386783911e-05,99.00805354118349
7.379272274927633,0.0010883428979701,45.06287545340511,0.1547285331437607,35.038556756887246,12.218340469499854,0.145144629561581
3.398756682872772,2.0074590878493842e-07,14.026695489883425,0.0001073696580533,82.52725005149841,0.0013198869055486,0.0458760012406855
8.374421052600209,9.800777440921706e-08,1.6129025288166123,0.0867795949372407,86.84570710931463,0.1569280261577979,2.923262666062276
5.646074541232338e-06,2.3662651004607463e-13,0.0385014544008299,1.8309233951185888e-05,54.68250513076782,5.795170246458703e-09,45.2789694070816
0.0776692992076277,1.3913227514539273e-08,8.7866872549057,0.0100784855021629,90.7146453857422,0.0007142583399399,0.4102095030248165
7.775051411547961e-14,0.0,2.675595293974596,4.0734729130830343e-08,5.2829979653488055e-09,92.80879454665153,4.515612022019149
99.74490997134566,1.1356475870130455e-05,0.0025441511147318,7.833988117287381e-05,0.0016264593916123,0.2482484856395108,0.0025808759694705
0.000667072026772,1.7951137063908393e-12,99.32310581207275,9.62006879490218e-05,0.654374435544014,0.0217221473576501,3.70378444358721e-05
2.137958258390426,2.3907443949880425e-11,6.892916560173035,3.785788464938378e-05,90.94887971878052,0.0026909623557003,0.0175235982169397
66.08359217643738,0.0002000765107368,17.658931016921997,0.0001681307480794,9.501970559358597,4.357479885220528,2.3976588621735573
9.272855261421853e-08,5.0171450237810804e-14,57.2482168674469,0.053618149831891,0.2952148439362645,6.313056744033929e-07,42.402949929237366
12.67595144223588,1.6516804117159654e-06,29.017556192583584,0.0004945715452999,0.14430601705906,58.131820932843794,0.0298744335993449
2.090995625195439e-15,1.4220880279336731e-24,5.869446795259137e-05,1.743682837007654e-08,0.0002300682808709,8.972324565172801e-12,99.99971389770508
0.0214415893424302,1.378953201625066e-08,83.38585495948792,0.1683437381871044,0.0200980866793543,16.404227912425995,3.690796575028799e-05
0.2007022154004702,1.5441453481431469e-07,72.45957091209715,0.2440744457959798,8.474596349870941,16.205575538013907,2.41548470649032
0.0749074956812707,1.1433710216216137e-08,0.106668932667758,0.0544719139451184,0.2157582564358864,0.0001237307475174,99.54807159591148
0.1568596577271819,5.334364345799258e-05,0.0919577840249985,60.144275426864624,9.76640358567238,0.0071180736995302,29.83333170413971
8.462053537368774,2.507663188211495e-07,3.4444142132997517,0.0005756602149631,70.57602405548096,0.0083980463386978,17.508533596992493
0.0634790203186285,2.5805540567662683e-19,0.0578342622158981,1.7883982308499874e-11,83.26497574239825,6.64595751409772e-08,16.613710916859564
2.0354322316507023e-05,7.988136519442024e-11,0.1533689675852656,0.0113069501821883,1.2631923596018169e-05,99.83527660369872,1.1714226388903626e-05
1.6328966623291308e-06,2.2462927785210638e-10,92.07401275634766,1.1509181802038526e-08,7.906730473041534,1.2851076106046302e-09,0.0192561215953901
2.0585933700203896,1.3629590789321358e-07,9.313985705375671,0.0010861061127798,85.65395474433899,0.0005594043159362,2.971820905804634
0.2488949103280902,4.862296787422338e-07,0.0267763854935765,10.30489057302475,15.519951283931732,2.658927522602994e-07,73.89948964118958
6.372503176629165,7.366578690403841e-09,0.3204811913691531,0.5520637420339892,2.1403723638805907,0.2619990533814962,90.35257812111638
3.846975788474083,1.343729305602892e-06,11.83495968580246,0.0716566864866763,75.37769675254822,0.0087810760305728,8.85993167757988
99.6286153793335,2.6253650674875483e-13,0.0750773178879171,0.2963040489703417,1.9798052086628107e-07,8.010357377408185e-08,2.2806296781641142e-10
0.0538911088369786,1.3180367387788383e-09,0.0471295381430536,0.0008802730917523,5.34028559923172,5.787354729697375e-13,94.5578157901764
0.0413266709074378,1.6819076513463482e-11,9.953471273183824,8.013679462237633e-05,85.18560528755188,0.0020314810171839,4.817488044500351
0.2549670869484544,9.167820669286897e-09,0.0001451202706448,71.24270796775818,5.414738666331687e-05,0.0024090812075883,28.49971354007721
0.0006980364560149,2.8208330116186172e-08,5.748625844717026,0.007309993088711,2.198218740522861,2.3690926553854297e-06,92.04514622688292
13.803171444128242,2.959033194984567e-07,3.578270812527586,0.025947207268906,71.22412748480603,1.7057717678103096e-05,11.368465356139264
0.0394042435800656,6.84664217681652e-10,17.427244782447815,0.1460060244426131,32.11996555328369,0.5380318034440279,49.729353189468384
0.0001423227217856,2.3214639932600534e-08,59.553372859954834,0.0114490467240102,0.1221428043209016,0.0031972402211977,40.3097003698349
1.3938868418335917,8.594895462010754e-07,40.50002992153168,0.0049051664973376,0.0019564993635867,58.0981194972992,0.0011067934792663
0.3803380765020847,1.8634884746404626e-07,75.30099153518677,0.1476414501667022,18.682783842086792,4.932399466633797,0.555848702788353
0.786052271151272,3.3758707079985438e-09,20.177195051050777,0.0195556165970685,77.33456166570643,0.2711528821777841,1.4114737690718449
33.44273764577655,0.0006640208657385,62.24686953462725,0.0035762888103351,2.9897762623696016,0.0346884904986929,1.28168001393318
2.640953072366301,1.3879209720551342e-05,81.58844599654948,0.0015221641658686,15.296166556845105,0.0847889393814766,0.3881074486662417
0.0084727205017192,3.061702298632097e-09,0.1258204608271075,3.218067973806324e-06,0.0166379459012831,99.84905717957702,6.93641138393042e-06
12.500908970724469,6.940945550228557e-05,72.95211279963102,4.0691221870038286,0.8553258986382605,5.2713238869519365,4.351124393805934
0.0005402042916102,1.8937512690810062e-11,20.80512642860413,0.3276359755545854,0.0002366771013839,78.86646389961243,2.915569119466e-07
0.0107416773971635,2.2037277364538813e-13,0.1634032581932842,99.81217980384828,0.0015478499335586,0.0120972843433264,2.258162368207195e-05
2.3913958053117037,6.702537458736524e-05,28.543588096667754,0.0279963623420015,0.0057923433276173,68.92171276548949,0.1094402032826598
8.628714084625244,2.304696877786228e-06,3.724939003586769,0.1020913594402372,87.5188410282135,0.0002996852572323,0.0251119548920542
27.711784839630127,0.0002337079422431,34.188225865364075,0.2837196923792362,0.0297099293675273,37.130844593048096,0.6554851774126291
0.0029366119633778,5.842867422528597e-11,91.30895137786864,0.8056153543293476,0.0007157163054216,7.881619781255722,0.0001642702159188
0.0013071521607344,1.5703406852582266e-15,5.552041530609131,1.4997587893805786e-08,94.2895233631134,9.041206006088488e-07,0.1571306027472019
0.0399043754441663,2.941908394953237e-12,0.0394672766560688,0.0015658886695746,53.18472981452942,0.010411850962555,46.723926067352295
92.52119660377502,3.0987401533622005e-07,1.6709208488464355,0.0817341904621571,3.5155795514583588,2.002454176545143,0.2081153215840459
0.7828959263861179,8.768104020617785e-08,5.96986785531044,0.0390719360439106,37.70664632320404,0.041923884418793,55.4595947265625
8.112098910358426e-12,3.619308535273437e-31,0.1331732608377933,9.538852374646467e-07,1.1373303557618564e-10,99.80973601341248,0.0570926873479038
21.50753438472748,0.0001087353894035,48.81497323513031,0.0571931828744709,24.602802097797397,4.314356669783592,0.7030344102531672
0.0469051533163802,1.175402401948562e-10,2.9755873516552063,1.6696161654362778,65.08758456036952,0.3425997420459832,29.87770616279281
0.017949599714484,1.3794399955256113e-12,6.236959993839264,0.0026250239898217,31.53499066829681,0.0350690534105524,62.172406911849976
2.4864112577683484,4.7516205360372656e-06,82.205759418354,0.0003887101915775,13.87102984613358,1.4250125654049255,0.0113940193357106
0.0871694472152739,1.0288459537446948e-10,0.0040411181544186,6.995812640298027e-06,55.66185712814331,2.967905365913737e-08,44.24692392349243
0.0257449659562151,2.0130918141857548e-08,0.0234407242965766,71.10458360855775,0.0003866797663405,0.0061868107778376,28.83965327267012
5.331669002771378,7.869214186939644e-05,76.56307220458984,0.0449716462753713,0.9298493154346944,16.778667271137238,0.3516953671351075
1.7915114487395944,0.0001214757586039,62.574695041812056,0.059686238980071,34.44443530506667,0.1713083619927332,0.9582362858073372
0.0825501911185795,1.1703537448425208e-08,1.9421662430266289,97.04362732432052,0.0273726576723624,0.037829929423626,0.86645498448342
0.0177457881027184,7.840040195837787e-09,3.0589237769796718,0.0005891492843243,6.954875845662849e-06,96.92273717658144,3.473495309693608e-08
11.306097358465196,0.0021505733457161,1.900424808263779,0.1410691766068339,0.037810654612258,86.6107702255249,0.0016785248590167
11.350544679099956,6.0161063397962125e-09,47.09788297440016,0.0307810223289105,0.19525113749118,41.28741427810022,0.0381203206447874
1.3780592222900625e-07,1.3858180732164806e-16,5.7847511023283005,2.360041329030338e-09,3.532843664288521,3.3117292241868774e-08,90.68241119384766
3.256213114035911,3.827747236396356e-06,0.0856061808101791,0.000200115335351,15.37349315723736,1.3659458734479166e-05,81.28446825054098
5.869697300572269e-08,5.709843932060302e-13,2.382814976360953e-06,4.3551537241176944e-05,0.0002482747652456,4.702401948340243e-05,99.99966025350452
0.5008613057947937,6.367542608432058e-13,1.2600936746653124,0.0001281623971401,0.000158552959775,98.23864091865067,0.0001191432787056
0.315533485263586,6.829592535950724e-06,64.00821208953857,0.0062348961364477,35.33848822116852,0.1457642763853073,0.1857572351582348
28.313498396485947,2.181113579577558e-09,0.528921125317879,1.0982420489263024e-09,46.91801350820145,3.219369629590786e-07,24.239571347211083
17.85866767168045,8.219316072199945e-06,19.267623126506805,5.8132053482040646e-05,59.78492498397827,1.8651524769097705e-07,3.08871790766716
1.59520563425275e-07,1.341209650495233e-13,0.1489891088567674,6.9619354725603e-08,99.85100626945496,7.495786218288114e-11,5.396019986392275e-06
0.3317469695879202,1.619262758249537e-05,1.087833260764674,0.0366420856165638,0.0480019603363475,98.4871028952064,0.0086572237408834
95.96843123435974,6.367337732626766e-05,0.5925849545747042,6.775526912861096e-05,0.7684245705604553,0.0019460978364804,2.6684820652008057
0.1776051125489175,2.1298676797926183e-10,40.12976288795471,1.2328299492381234e-07,59.4441294670105,0.0007178960913734,0.2477867528796196
1.039324700832367,5.5703519574734635e-08,1.8314916640520096,0.9854386560618876,6.2860265374183655,45.72830498218536,44.12941932678223
1.014590635895729,3.767256284703535e-07,90.70024490356444,2.1330932853391715e-08,8.197411894798279,0.0014145735804049,0.0863368040882051
0.5546286101417905,4.5539881006366455e-10,2.546637284555273,2.7973367513266216e-07,96.83565478537408,1.4608607461823066e-05,0.063069599248892
59.24962516126783,0.0002565415268806,21.08332342406055,8.861455386972321e-06,19.478360979459342,0.0240212931878518,0.1644093175625394
0.1912648088680093,2.5608363179817104e-06,90.0774771021293,0.0561555124297298,0.0013109687514912,9.672844241431012,0.0009477323711604
0.0090864463304472,2.6067599411809347e-06,99.8705089015072,0.1060964137224205,0.0015551778250666,0.0119176591224783,0.000833102653449
1.9646074622869487,9.990777272150808e-06,63.00880312919617,0.0009075667549041,34.67297554016113,0.1952906721271574,0.1574072754010558
0.0308100337861105,3.0430053029826805e-14,0.0157008471433073,1.6907859593629837,0.0024039942218223,0.0012736991266137,98.25902581214903
0.0010607253621089,1.6979872500425466e-12,38.254388466738966,0.0754839028985889,9.304833014699884e-07,61.66906724387808,2.057786572572468e-10
35.91194366883896,1.3958706134744956e-06,0.9345053320828278,0.011483522350849,55.89090918844397,0.0026857443808812,7.248473599462128
21.38682007789612,0.0020854409740422,16.69117510318756,0.0162074298714287,52.63112783432007,0.0013642708836414,9.271222352981567
8.753517791838515,1.5715280680903228e-06,8.800658363143109,0.0001022580765507,0.7243036258550659,81.16350657722393,0.557912081206565
0.0007313716650969,1.6651242017162726e-10,29.07062172889709,1.194094778611543e-05,38.12582790851593,9.780768417400054e-08,32.80281126499176
0.5306375994913339,3.535665748865668e-07,0.5807050384256267,0.0003438773979145,95.3459975329636,2.2033308436535663e-08,3.542316543597969
4.219489774942575e-10,6.2261605760966445e-25,1.9931847229599955,0.4532518330961466,1.3132156473361078e-08,1.7234087579254265e-05,97.55354523658752
8.520618081092834,6.617292456212454e-05,27.65693068504333,0.0465396966319531,46.334829926490784,0.1012647640891373,17.33975112438202
0.2295937621966004,7.36383731769763e-08,10.938117653131483,22.035159170627598,10.26400700211525,0.1230620313435792,56.41006231307984
0.0220915288082323,8.177319238411584e-09,21.239538490772247,0.011215799167985,0.0002335828185096,78.72614860534668,0.0007735654435236
0.0153538983852132,1.7813998006024055e-07,0.0329093474253995,0.0471099016862304,1.23248806118894,0.0001018858885592,98.672038237574
0.0113439651613589,8.581474425376281e-12,81.63057565689087,2.507859031553039e-07,18.357162177562717,0.0006680068054265,0.0002486181074345
10.957100058448322,1.6964069151085342e-05,10.321564712710943,7.465273236892511e-05,75.82322070875415,0.0107367470330126,2.8872906878341063
7.566199902665609,8.73360458273556e-06,1.780083695357066,0.0012057330232154,23.662574509535705,0.000120590728241,66.98980730711266
8.699275966250752e-07,1.2299987938664472e-15,99.9502420425415,2.2107983846386678e-10,0.0010529734936426,1.2832442664034716e-06,0.0487021257868036
21.08900994062424,2.9096580078658008e-05,7.9982176423072815,0.1586782862432301,54.43905591964722,14.395217597484589,1.9197894260287285
0.0724638171959668,6.534135454927538e-08,65.13533592224121,0.0534748251084238,32.672712206840515,1.7858756706118584,0.2801450435072183
1.902766153216362,0.0054878029914107,19.842803478240967,0.8731106296181679,9.175532311201096,3.9744019508361816,64.22589421272278
49.9598175335148,0.0004560657909883,23.14385346843559,0.0307201429436185,16.41181362726526,3.1352091568459084,7.318121812567495
0.5544594023376703,1.8078143149136142e-08,74.28652048110962,1.0412444595431223e-05,25.04611313343048,0.0948977598454803,0.0179999900865368
2.3287715390324597,2.032163877174753e-05,5.15679195523262,0.0523099792189896,92.1802282333374,0.0221382681047543,0.2597393468022346
7.006344944238663,3.262144776527976e-07,9.888351708650587,2.525157469790429e-05,80.01298904418945,0.0201859802473336,3.0721060931682587
45.87907170528601,5.858778771617768e-05,5.033549221369578,0.001037637019183,9.158794382738732,3.251813545931193,36.675669948796624
0.0008051793884078,4.085116689367396e-07,99.83863830566406,0.0152610315126366,0.1450099516659975,1.4086269928270667e-06,0.0002864168209271
9.452801016140045,9.539565886841951e-10,1.2282117070681875,9.836211365496591e-06,89.14657766500578,1.3520908577089598e-05,0.1723908689180534
99.97540712209982,5.526335840725242e-19,0.0001256163916263,0.0001698001925688,1.0586264484367109e-10,1.962981574384649e-05,0.0242809008261912
3.8885243237018585,1.12948487368536e-09,1.16653423756361,1.5404340997227095e-09,93.39516758918762,9.616249485588924e-06,1.54976649209857
3.469806909561157,8.371404264240211e-10,0.9611014276742936,8.139407897678197e-09,56.39031529426575,6.798288154641341e-06,39.17876780033112
42.81234528871235,0.021926239720491,29.281615700529134,10.83510388909532,5.695764413980911,2.361429759987621,8.991808117412553
0.341888444387224,1.1269324904172622e-10,4.214149964699147,4.423345509292969e-07,94.51594320034644,0.0001440584327983,0.9278755256757454
3.02979014246405,6.29476897045826e-08,5.621074847643068,8.534150251120146e-06,76.3024375618957,0.0001516025781124,15.046536329182167
15.732860565185549,0.0026114232241525,1.145603321492672,1.1350158601999285,37.36899495124817,2.488948591053486,42.125967144966125
0.1139014842920005,2.445011554330634e-09,10.353068262338638,8.565059488319093e-05,89.45881128311157,0.0042364677938167,0.0698996940627694
1.5205905822705528,1.1651778152210576e-08,3.176844113845335,0.0019261582088207,94.45453352278072,0.0035734766530524,0.8425342777330544
1.4880801639759345,1.0701706688501782e-05,19.912005077361457,0.0015846760946199,74.3653149169308,0.0078193244690787,4.225176814177416
5.2352666250030175,0.0019734037135358,4.680536593826806,5.344141593226289,70.80482070474748,0.0627940558072361,13.87046658220688
13.100735133930154,1.249382356128486e-09,0.086576060197193,0.0001164640890534,20.72035346748552,8.522254521564694e-07,66.09222090793973
30.375772714614868,5.104402021061105e-05,3.216911107301712,0.0144179692142643,1.548587437719107,6.604755071748514e-05,64.84419107437134
9.331985374211394,6.478748588147249e-11,0.0151118767374754,3.123741229798616e-07,0.3622957954061505,9.047758637579055e-08,90.2906054431561
8.426817020990493,1.8205292778604085e-07,75.06051958328719,3.213678311315783e-05,13.038121227994113,0.0475364386426882,3.426978028056386
0.0167862663149294,1.3195218048018545e-06,41.86140201823736,0.0001227252287988,57.85979126212493,1.156880501986366e-10,0.2618991616397096
5.5481187999248505,7.368192278534025e-07,2.0309876650571823,0.2933958079665899,20.784252882003784,0.1711188000626862,71.17212414741516
0.0036749628634424,4.881898447235862e-12,91.02746844291688,1.3672482417070864e-09,8.967828005552292,5.326503238478608e-07,0.0010247594218526
8.716367185115814,3.104541512755077e-07,3.633433952927589,1.1404645050561156e-05,80.17199039459229,0.0002025338517341,7.477990537881851
0.4900243480474534,6.772192554339986e-08,4.611959131126508,9.317527113792573e-05,94.59503357469636,0.0420315868639916,0.2608520366353349
0.0009372775470414,7.05419662332873e-10,99.99354481658608,6.651901204436624e-07,0.0051811788030624,4.2312631478183097e-07,0.0003425991939844
0.0424804573412984,5.192071409311841e-13,7.813894748687744,0.1164436456747353,91.29900932312012,0.1028208644129335,0.6253552623093128
5.989457188465837e-22,0.0,0.0033762586099328,3.146850455996303e-11,1.439262424518528e-09,1.182478767680628e-09,99.99662637710573
2.162088023846628,0.0003717883595213,15.12929738338574,0.0116684444626145,55.03064722005411,0.0341251920294131,27.631803013789835
0.2459923969581723,7.573045479603024e-06,2.643286809325218,6.3647249248788285e-06,24.707935750484467,0.0001171558437818,72.40265607833862
0.0150781983393244,8.556021559649739e-11,49.3187427520752,2.6788337156176567,31.703832745552063,9.176386147737505,7.107127457857132
3.740634396672249,0.0051104718295391,2.108505181968212,0.1387601951137185,39.23243284225464,0.0015450084902113,54.77301478385925
4.179812099326378,1.3996656757430987e-05,4.6250092759733965,0.0081255847658379,36.99294549184712,0.0020760323750936,54.192015778542505
3.055037553908679,1.9674199087938465e-05,2.9509577796434034,0.0001470444632438,82.65716926200207,0.0014842695211637,11.335182120512853
3.394625335931778,0.0006938465048733,43.69311034679413,0.0122460434795357,17.224310338497162,0.1083219540305435,35.56669354438782
2.350034704806489,3.7453899993423683e-07,11.994652419963623,2.7728657135596078e-08,85.16275794284093,0.0004285530195244,0.4921242422386552
1.2364434815313508,0.0319243369560293,7.797550874802522,0.1852391165264914,0.0044864983410908,90.74186031471852,0.0024973459982593
6.404367089271545,3.2702915489556464e-12,1.030880585312843,0.0261868524830788,84.6150815486908,7.440023869276047,0.4834606312215328
91.5111482143402,1.3519405683837247e-05,0.8352586068212986,0.036324790562503,2.4164604023098946,5.169019103050232,0.031779336859472
7.437719060435222e-12,5.3937045419053145e-21,12.539005279541016,26.436877250671387,6.6330309300699505e-09,60.24046540260315,0.7836508564651012
2.5163421510234615e-14,1.077139521080527e-18,0.2341714874152556,0.0001704615353057,0.000254286752961,9.933771509117903e-08,99.7654021065948
5.199764296412468,3.329560849252289e-07,11.08844354748726,0.0127324630739167,79.56125140190125,0.0948383065406233,4.042969644069672
20.289480686187744,0.0020638412024709,45.05046904087067,0.3370904363691807,0.0363185710739344,34.28265452384949,0.0019258795873611
9.729537708835778e-06,4.675457544451972e-13,45.84035575389862,6.213820142875193e-05,0.0002518376504667,54.15931940078735,6.427504750661228e-07
0.9379275702194912,8.757084121893547e-10,0.2885018181652914,0.7434477541415545,0.0020311282543043,98.01651823619116,0.0115762718984684
8.928670922614401e-05,1.6559941352217722e-11,2.2135425359010696,1.4052513986825943,96.38099074363708,1.977048071921672e-05,0.0001046959027917
20.42789282965021,2.7365906728689027e-06,18.98154282459872,0.1375639543906721,59.1488515823395,0.4567339822938431,0.8474112062103275
27.41671666006545,1.6378806843387324e-05,27.998455047515336,0.0185410022960269,39.10709852618567,5.281432287778395,0.177741026389809
0.0523928902111947,1.8815586866338665e-07,95.4378068447113,0.0119858545076567,4.10318486392498,0.0006593263606191,0.3939727321267128
5.778108220921967,0.0075715308481306,46.58279161658387,0.0671261550466084,4.774749454885786,39.80307700597322,2.986568042747016
1.457529874571151e-07,4.496761544668573e-13,7.057637721300125,0.0811088015325367,87.49920129776001,2.345754424037949e-08,5.362048745155335
6.063349099419799e-07,1.1483593240935284e-20,0.5196142322284899,1.5199967292576708e-10,0.0003256401053638,99.48005682467736,1.494199030684485e-09
7.256924037335139e-12,3.2526691463896894e-22,0.0504540833449562,0.0004421497842274,5.699364431490992e-07,0.0003109281309452,99.94879364662133
13.026732982798396,0.0181689272637584,80.4304528492959,0.069012235074102,0.5527645213314606,5.1060288462656045,0.7968460684624951
0.0001093031414711,7.183326850013215e-10,0.0001960618419616,1.5630319304474338e-10,3.188587725162506,1.220515008504286e-10,96.81110978126526
2.882630750536918,2.483773542394374e-06,29.4075220823288,0.0007058258233882,65.04559516906738,0.0012373519894026,2.6623014360666275
21.611616015434265,0.0020897026843158,61.438941955566406,0.0266182847553864,3.3092349767684937,0.7711797021329403,12.840317189693453
0.0682237499859184,4.556923172138738e-08,87.88918852806091,0.0020884350306005,11.608867347240448,0.431092781946063,0.0005412425707618
4.868891462683678,2.0834711733641603e-07,10.033438354730606,0.1206202781759202,73.72965812683105,0.0611740339081734,11.186223477125168
0.0107550833490677,8.579381129136808e-10,7.977630198001862,0.0055081200116546,6.524186346723582e-06,92.00609922409058,1.2194095733164545e-07
0.1509199474555222,8.593112289888798e-08,10.03355667195062,0.0013581718021752,88.41811349499902,0.0001254642445223,1.395927918459649
2.795770578086376,4.1489474256195535e-05,4.569376260042191,1.1478276923298836,0.057755404850468,91.42439365386964,0.0048362231609644
0.0039843597530871,1.1792171734998028e-11,47.44875163450818,0.0888231279148158,36.029221292826975,9.972680158556035e-07,16.42921967158083
3.985647012427762e-06,2.033778012536583e-11,3.8105815649032593,3.440100044826977e-05,0.0182039962965063,95.44633030891418,0.7248466834425926
6.26961025318451e-06,1.216054492346463e-10,3.153365355501592e-05,0.0033241536584682,27.354976534843445,1.0896968223594872e-09,72.64166474342346
7.312144338772177e-20,0.0,2.909188223654269e-07,8.070183696721783e-14,3.741249443578454e-06,9.82970649321402e-11,100.0
0.0099206334654433,9.426733393706915e-10,65.78648482480554,0.0538589581353341,0.005248683322841,34.14165581117009,0.0028331565642235
0.2552009653300047,7.84220133276392e-08,0.1342098927125334,0.0261207285802811,16.75112247467041,0.0040827595512382,82.82926678657532
1.789409260841899e-06,2.175815185767563e-15,0.0002485341986247,1.3534041361621744e-06,99.99919533724756,1.0455164918260364e-10,0.0005556365853537
7.621284512736796e-08,1.03181976632655e-13,0.0288187880663246,9.02770743642945e-08,99.75211021329288,6.979015637263551e-11,0.2190723810729242
31.47847244015172,1.8486685507408806e-09,0.0084141398032707,68.50655487218826,4.142646295342699e-06,0.0020053682705327,0.0045561965622208
6.864909082651138,2.568925801249566e-09,91.2390112876892,0.5113283172249794,0.0008317683750647,0.1218979712575674,1.2620123103260994
0.0085229337855707,1.8659422965083827e-09,98.83384108543396,0.0540385604836046,0.1149779069237411,0.935931783169508,0.0526935269590467
74.36346411705017,0.00135057434818,5.717680603265762,0.799232441931963,15.800344944000244,1.058496069163084,2.2594280540943146
1.3690607391668248,1.7797538569698403e-11,0.431126966312762,0.0696997066694893,93.68783160303016,0.0236405218844179,4.418644835787396
0.0003970431426216,5.905946060290537e-12,0.5941159334469954,0.0151756135793202,0.0011959048213153,99.38886158333558,0.0002581931392723
2.02387310564518,0.0004593921858031,53.083813190460205,0.0202710245503112,0.8406010456383228,0.1327737118117511,43.898212909698486
0.5011311266571283,6.136326557992788e-07,83.89094471931458,0.0005124011750012,1.153880637139082,0.0369959248928353,14.416536688804626
0.0006890607892273,1.8205155265238468e-10,0.2864110749214887,0.0004068786893185,6.300564958650057e-07,99.7124969959259,1.4666079765565662e-10
1.8727867302640355,0.0022055742093371,58.39880805001355,0.0489375204909617,31.93003319859901,0.3639362720622148,7.383301244175582
0.0027048144850257,2.813510430126339e-15,0.1879701619316734,0.5963371490739077,0.0137514617574341,99.19819827069034,0.0010375630772593
3.617930834990558e-16,2.065478254073917e-26,1.4997857533671777e-05,4.1592347621577375e-09,4.4887515926461685e-07,2.353152124111996e-11,99.99998807907104
22.834394872188568,1.8543762081435489e-06,39.87351655960083,0.035716884303838,22.77427911758423,3.687897697091103,10.794194787740707
1.863053880276928e-12,7.196447505612003e-22,3.515519892971497e-05,0.0040405699110124,1.088019629946757e-06,4.588841806540955e-09,99.99592304229736
0.0038759248127462,1.5889090173790144e-10,0.8105355314910412,0.0013430026228888,1.1608284467001797e-05,99.18423891067503,8.636063419942275e-07
0.0433264064117241,2.3731468206193425e-08,65.71346913060361,0.0093580345613082,1.190485150363779e-05,34.2338343998095,1.4058405944655708e-06
1.1871615201033068,9.51534463539258e-09,97.08843213846876,8.553718243957955e-07,0.9971203876805536,0.7145714440686372,0.0127152969374125
1.1644463529352722,9.683638513532635e-07,15.824371180013278,1.3671647990149498,0.0112726026804715,81.56652074259273,0.0662163228488626
0.0016109303032862,1.4838557466090307e-09,20.18837481737137,5.636947797427183e-07,0.0021187721358728,79.80789542198181,4.110479778773879e-06
4.187928762312458,1.1203713625168362e-08,3.2171709517938467,0.0586724875076107,86.55010381639623,0.1843937549751255,5.801731321318824
2.8877256488812897e-10,1.2662640760088005e-18,0.0008187475941667,0.0005350012997951,7.569840931864746e-05,8.508123650052823e-08,99.9985694885254
7.434976100921631,2.720176306425515e-07,11.420325934886932,0.0042852992919506,69.35386657714844,0.0032396503229392,11.783307790756226
9.984401003748644e-05,3.071725512837631e-09,43.51429641246796,0.0492243852932006,47.56544232368469,1.1604351257687997e-06,8.870932459831238
9.320402145385742,8.178334951480792e-05,11.262182146310806,1.2688751332461834,1.955980807542801,0.4327148199081421,75.75976252555847
3.176755830645561,6.110409067616729e-07,14.959289133548737,0.0007281873877218,76.66773796081543,0.0010697528523451,5.194420740008354
1.690976694226265,9.13953426828762e-09,21.29705250263214,1.950261996341851e-06,74.83136057853699,0.0001710699393697,2.1804431453347206
0.0563337001949548,0.0281379761872813,0.4303209483623504,4.6804677695035934,94.7904646396637,1.81599891374562e-09,0.0142786695505492
0.3562552621588111,1.878994204673745e-06,2.3491479456424718,4.392028074562404e-06,96.65080904960632,8.352252933718773e-06,0.6437769625335932
7.3375742981607325e-09,1.2214384800679557e-18,44.6977823972702,4.551645449435426e-08,0.0502292648889124,0.1287935767322778,55.12319207191467
1.1718663005689722e-05,1.6414564020517325e-07,97.30157836089003,2.5110505155355045,0.1539367924928243,0.0293457636173152,0.0040847144807192
1.0161391459405422,6.581940681371634e-06,16.799235343933105,0.0052174782467773,0.0030238574254326,82.17629790306091,8.16345050225209e-05
0.1236102194525301,1.1426200785535912e-05,54.06152606010437,0.0118628180644009,1.5984653600753518e-05,45.80296874046326,5.726352725332617e-06
22.965428233146667,0.1530593843199312,0.6554949562996626,1.19031248614192,2.791154198348522,0.1637446111999452,72.08080291748047
0.0041623582961334,7.098472504767285e-11,54.9318140663879,0.0041975088153557,2.334885630069156e-06,45.05982936141841,2.610467275312211e-10
2.4507971480488777,8.883117175173538e-06,62.6927375793457,0.1623122370801866,0.0347276538377627,34.65835750102997,0.0010654810466803
0.1281298889781468,2.9329562446702026e-11,7.507479638307073,1.4784883177473696e-05,8.393270277575867,2.192963523810301e-05,83.97108220881714
0.2939804166692744,4.365321420298117e-08,14.833028008522271,0.0001142178416424,0.0226628951033812,84.81106071538095,0.039153752155453
71.12886309623718,6.1209306068121805e-06,10.93374788761139,0.0050774873670889,1.649324782192707,7.578485459089279,8.704498410224915
0.0002433701803065,6.389893494346722e-10,1.1448721493837344e-05,99.9133288963641,0.0006922281584304,3.318039775966e-05,0.0856837504845857
1.9003910213941944,1.8538689911294188e-06,85.54740461989668,0.0110952619499031,8.50475779204117,3.5394823425699675,0.4968656988808929
5.372377387402594e-06,5.14577951907693e-19,94.44976449012756,0.0174009866896085,0.0256920815445482,1.351974718272686,4.155169427394867
68.43674778938293,0.0110686502011958,13.928161561489103,14.746944606304169,2.852613851428032,2.9582494676105853e-05,0.0244311551796272
3.9668628086880218,8.230839769507105e-08,42.10220481183586,3.420391714023556,2.996479332027356,46.08182860396249,1.432233940182202
2.2460338928531903e-06,5.431533368256111e-12,90.14317334551652,0.0002327650147476,0.0088318067162629,0.116550789642381,9.731212093306308
2.242416730657231,2.3561395273517338e-05,39.62374740071548,0.025484508851567,41.46412756397621,0.0009327110850594,16.643272336114467
6.245358397105605e-09,8.027522113055351e-17,5.249972641468048,4.182596047286325e-07,94.74998116493224,2.2533268094715413e-14,4.6923821628297446e-05
0.0605691049713641,4.929149213239725e-05,7.975313067436218,0.0037825480831088,20.961539447307587,0.0001618380679246,70.99858522415161
24.785326395669745,6.260234109087292e-05,23.29444268875631,0.1447599903021741,14.95732545343941,36.516915144552605,0.3011721778195712
0.0601932012520076,1.0500076727467836e-06,91.32950798624849,0.0947698365250035,0.0052522503105346,8.510179342052858,9.759623962248436e-05
2.0707600967284634e-06,5.690854731899009e-09,0.0055872766097309,1.3091223314404488,97.50380516052246,2.4018956962246207e-09,1.1814877390861511
6.577283143997192,4.157217681211023e-07,0.4179087467491627,2.7486488223075867,0.6422212347388268,86.2220048904419,3.391934186220169
3.643401339650154,4.499794670209667e-05,73.98270964622498,0.4190927837044,19.612227380275726,0.6776094902306795,1.664912886917591
1.243087743851845e-07,2.0591352313027198e-12,0.0180347822606563,99.73973035812378,9.354700836183838e-06,0.0046026532800169,0.2376214601099491
0.2680503224536968,1.2896971371302167e-06,26.22345544239613,0.0868373718649072,0.2155134117164261,73.20537407430255,0.0007709830702216
3.49349065361084e-15,8.403764515585216e-35,99.53513738722428,1.4278044813654405e-14,1.7522789819976584e-09,0.0323964796945217,0.4324672535787376
1.2524733689459122,2.8725546292316334e-08,55.92817593477059,0.0215027106438326,0.4056673944690949,42.38498599708248,0.0071827022643891
17.885084450244904,7.318129746636259e-06,51.53568387031555,0.5637397058308125,27.265512943267822,1.617828756570816,1.1321376077830791
20.16950696706772,0.0001308370087826,41.11269116401672,0.8422914892435074,1.406314596533775,28.52149903774261,7.947563380002975
6.022890657186508,0.1612942083738744,15.903566777706146,11.530092358589172,47.47650325298309,0.0084647312178276,18.89718621969223
1.3817210135615591e-08,8.998873683368163e-12,0.0021868324316824,8.047317182697913,0.0002126226744338,2.342181483749674e-06,91.95028447512205
0.0009869770110526,6.41160886320622e-16,23.4312504529953,0.000346743809132,57.29035139083862,8.421715202381469e-12,19.277064502239227
2.69684383331914e-10,2.0138872004165598e-18,7.202158371910627e-05,0.000374290198124,0.0453210930572822,2.0921717049787736e-10,99.95423555374146
2.118420638907992e-05,5.4731047471889844e-08,6.204341351985931,0.5192079581320286,30.15989363193512,0.0003300149273854,63.11621069908142
0.017458738046436,8.436055811760874e-10,99.32256332904856,0.016999143397799,0.1570807724318829,0.4487975569871136,0.0370986803887701
2.7456292882561684,2.31952370199906e-05,50.94684362411499,0.0008087849892035,0.069733103737235,46.15863263607025,0.0783313938882201
16.33175261805967,6.19127243294427e-05,10.967650918224509,0.4085552190873157,6.2692109506852,65.77678714852256,0.2459811193335723
1.8520189449191091,0.000726009147911,7.6142385601997375,7.290635257959366,1.7212016507983208,60.868412256240845,20.652766525745392
5.917815491557121,5.40352500975132,85.63066124916077,0.1796209719032049,0.3317598719149828,2.515490911900997,0.0211300168302841
0.0167587199061027,5.665355952907443e-07,0.6800645151657444,0.0030686867810628,4.714985528378217e-06,99.3000985026242,4.965493201985169e-07
0.8416801763093682,4.117318248668323e-05,81.33452312165774,0.7177242467819747,15.021547975724694,0.0683509884392158,2.016141878502593
1.0528482382796134e-10,2.79172035019969e-17,3.461584821343422,4.175531387318188e-05,0.0099293072707951,1.873917465644581e-07,96.52844071388245
0.0364321836968883,0.0564745394513011,74.1453468799591,25.66349506378174,0.0407135288696736,6.890742199061606e-07,0.057539710542187
1.008570539674695,5.888501073111354e-06,59.491674960652,0.1177356670888463,35.11928795346165,3.964541752393037,0.2981725259068577
0.0001130804321292,3.2529535892066513e-13,97.97961711883544,0.0002290674956384,0.0046727072913199,2.0153675228357315,9.504729225895404e-08
0.0021585753906623,9.564040130378144e-08,0.1416216339578708,0.0201947489799595,98.71181837986818,3.320562467514043e-07,1.1242119334168394
5.5306903501417544e-08,1.317808600957704e-10,99.9769389629364,0.0020129315089434,0.0186667341040447,1.1868969140849117e-07,0.0023798427719157
16.56161796312118,0.0020420240001365,30.5267178384402,0.0755451063907019,44.44417125652179,3.7382702543413338,4.65163160543065
3.158605299055681e-16,1.633822494625978e-27,5.585548024100717e-07,5.770570687957389e-08,0.022418113076128,2.67855069795153e-21,99.97758269309998
0.0550386779522981,1.5689803270499626e-10,96.6479126634702,0.00243019956676,1.6149323371133402,1.6796395042968386,3.7428686795599024e-05
8.186028038186282e-09,1.0898890811305498e-11,1.3557965744016514,0.0001459005689518,0.0003711208131078,4.995226574798988e-05,98.64363662264566
6.936846830285504e-06,5.704741753467091e-15,1.7790101836112626e-06,0.2559340558946132,96.39015793800354,5.177033113574394e-16,3.353897109627724
41.86049103736877,7.696367561038642e-05,1.320047490298748,0.8149554952979088,0.0428164144977927,55.90044856071472,0.0611697963904589
0.0609861162956804,3.2260017573948474e-09,0.119296321645379,0.0043414045649115,0.0001433634452041,99.81474876403809,0.0004876917046203
2.0435586277739456e-11,2.7253368424522804e-18,0.1454564802176975,0.1089038546758765,99.5186627484962,1.8234619538146238e-10,0.2269723880547418
0.0022780164727009,1.0033977121404192e-09,0.4114734008908272,2.6884425431489944,3.068818088536318e-06,96.8973159790039,0.0004880782853433
0.0009965051188437,0.0254015395191484,0.7891779304550844,31.76656554738078,24.0791469263522,8.374780479789127e-07,43.33871265284495
0.0770071812439709,8.47180138541237e-10,1.3701888732612133,0.0016388223230023,0.0035593242500908,98.54753017425536,8.136821065818367e-05
0.0425978443597089,1.0813200088108196e-14,0.0058983448857852,0.0049900739459458,99.93792175876628,4.525675961700764e-12,0.0085899837021799
4.266366815386391e-07,1.4988470263110204e-11,49.730321764945984,4.80679204883927e-05,2.619078941643238,0.0007169333912315,47.64983654022217
4.207930341362953,2.9671807055819958e-05,82.36387372016907,0.3994644619524479,1.9670352339744568,9.796302765607834,1.2653592973947525
1.3154305200657743e-06,8.379005822511942e-08,0.9792989119887352,0.0141434866236522,0.0012057395906595,7.99500625703331e-06,99.00534749031068
2.2042986915248052e-14,1.8500441118054244e-26,0.0086815966479532,2.7097809652148852e-08,4.463453074632779e-06,1.4882270529290995e-06,99.99130964382772
3.1750623136758804,7.094612897162733e-07,92.151141166687,0.1214847434312105,0.0431210413808003,4.509138315916061,4.968895837009768e-05
9.66616777576016,0.0013512128939992,52.25519849390975,0.0149661029179865,34.20581723486288,0.0687806151359895,3.787723036868753
5.555872424964092e-07,4.316622821203711e-14,99.98998641848402,6.334451585661771e-06,0.0020561418473358,0.0075520745575572,0.0004011708393429
0.6939614657312632,7.666892543056747e-06,73.37276339530945,0.002458431663399,24.47041720151901,0.0137344235554337,1.446659304201603
0.1595107489265501,8.81830632820657e-10,16.070953011512756,3.9188718936600253e-07,74.08031821250916,1.8069497897954532e-06,9.689217805862429
3.586558997631073,1.6268690561371812e-08,10.149259120225906,0.0004363113475847,81.40420317649841,0.0065228341554757,4.85302172601223
0.0882728385749055,1.48817691717148e-10,31.27321526131448,0.000795708452374,0.0401299282567288,68.59741585285475,0.000167120438705
0.342163466848433,9.778402976223788e-07,92.47701168060304,0.010733823000919,5.704991519451141,0.327958888374269,1.1371374130249023
1.2022272683680058,8.47338199605474e-06,0.3331508720293641,0.2624781336635351,19.6276918053627,3.375116719439575e-06,78.57444286346436
2.501129614529418e-06,9.12439137375383e-13,0.3552685724571347,1.6551064685454975e-08,99.6422827243805,1.1868348318011535e-09,0.002447105180181
0.0599402132652209,9.23137509901845e-08,39.51361948414081,0.0120649325084512,0.0002586638028365,60.4141068952211,1.475166760295049e-05
0.9809005074203014,0.0044183609134051,93.67597103118896,0.5893384106457233,0.4151271656155586,0.0428251805715262,4.291412979364395
0.6537306512135656,1.8536076557160753e-09,29.26687474649398,0.0003804091192528,70.02352893492753,0.0292373838566174,0.0262520611799619
3.214029222726822,6.497315894193889e-05,96.11437320709229,0.0026165802410105,0.1933880732394755,0.4599335603415966,0.0155898349476046
4.198281839489937,0.0038843489164719,23.635703325271606,0.3443908412009477,58.588868379592896,0.2209625905379653,13.007912039756777
53.97946238517761,0.0647539447527378,0.3505150321871042,3.676486760377884,41.61162078380585,0.0002864759380827,0.316874636337161
0.0088756493247737,7.936788300515301e-10,0.1489816870822981,1.574146136748384e-06,0.001778973425486,99.84036089892854,4.035516683808744e-06
0.0001336287255071,7.404859433686028e-13,1.322126854211092,0.0058309353335062,5.036233687860658e-05,98.67185950279236,2.7216069398150462e-06
9.002637852972839e-05,1.6612824397382875e-10,0.2869911259040236,0.0042222087358823,1.4528709790795349e-06,99.70869421958923,2.16984125112063e-08
0.0175412511453032,1.8779236791912485e-11,26.61643922328949,0.0004407292635733,0.007207722228486,73.35835099220276,1.614285167761409e-05
0.0019538729247869,1.633564269097609e-10,13.541842997074127,0.0013438764653983,6.440853894673637e-06,86.45485043525696,2.914181340685218e-07
5.727730753692299,3.691760900981435e-07,54.09079741349251,3.3083831727121614e-07,38.74840572495392,8.861144432150538e-05,1.432970833573242
0.1752033247612416,6.616616587962199e-06,97.21482396125792,0.0003741641876331,0.0108677282696589,2.598714642226696,1.3806504739477532e-05
1.4038828201591969,0.0002012953927987,52.49077081680298,4.309004917740822,15.986542403697968,12.336014211177826,13.473580777645113
28.069736246450915,2.3282248628971003e-07,11.505256533936056,6.890268606694593e-05,57.44909390503728,0.0030854620510661,2.9727579935048816
0.1731027499772608,3.32493832466696e-07,2.3143326863646507,0.0244370196014642,0.0060438582295319,97.48133420944214,0.0007544688287453
81.00606429504582,0.0002704657750196,1.1727397794735694,7.312284283365693,0.829524075445643,7.7368466273729055,1.9422662923018583
0.0078847631812095,0.0015226547475322,4.799309745430946,4.518014565110207,78.96066904067993,1.4823205773950576e-06,11.712604016065598
1.8538596108555796,1.5048800964048703e-10,3.660057485103607,5.084052290271757e-07,93.79318356513976,9.18182252007682e-05,0.692814402282238
0.97178528085351,1.1294424596963726e-10,3.60521636903286,8.902538706223596e-08,92.33958721160889,9.311635018605102e-07,3.083411045372486
4.4695742222814335e-14,1.3957931593627172e-30,0.2410030225291848,2.7654969980694943e-08,6.458122925323551e-07,0.1262261532247066,99.63276982307434
6.646184036864148e-05,1.1727737382054337e-06,3.191446370866053e-06,95.6256037204738,1.035855214493845,1.4813652981389285e-07,3.338465069119326
0.0001796841161194,1.936783433698504e-16,0.0059314879763405,9.170350381282331e-05,0.0776478322222828,1.4377058654702068e-06,99.91614818572998
28.67665461758701,6.559251311152452e-06,0.1693092154672274,0.0679204164509723,12.835384180270683,0.0028925463898903,58.24783195542288
0.0003494751126709,3.526163514769153e-19,0.0006667905836366,5.401886937761447e-05,0.0944804807659238,2.361800859052021e-09,99.90444779396056
39.43239748477936,0.0010897020729316,43.501290678977966,0.0612533476669341,4.204083234071732,1.380824577063322,11.419062316417694
0.3517945762723684,1.3478288485302414e-07,11.22095137834549,0.01416962913936,0.0016850353858899,88.41139078140259,8.297914888544256e-06
1.2622307571844965e-18,4.499773541371919e-30,1.0493204153749333e-10,6.134290311035113e-16,99.99997019767584,0.0,3.07513904684339e-05
12.830517460734692,1.5373300771668095e-09,0.3915402805978227,9.878415119616706e-07,86.35342039784315,1.810792406260672e-05,0.4245041656943658
9.01813709843976,5.445675879525711e-06,5.235230862214021,3.472256005404933e-05,80.4267633215644,0.0009298199628907,5.318899024659337
1.0188238695263865,0.0003405195457162,4.961876571178436,0.0160013601998798,0.5546009633690119,93.44003200531006,0.00832724472275
16.32014662027359,0.0004983744020137,26.450198888778687,0.7989183999598026,47.68185615539551,0.5592876113951206,8.189088106155396
0.1497942372225225,2.8878501152906905e-10,13.811762630939484,3.726927388925105e-06,85.89733242988586,8.533702384738717e-05,0.1410242985002696
0.0014119819684634,9.165858722946275e-10,0.1138618865862123,0.0071395884041522,6.790073264250387e-06,99.87757205233407,8.858594741747643e-06
2.0903982970724817e-19,0.0,1.6105816985699513e-15,3.1858721948089563e-19,99.67965483665466,0.0,0.3203450003638863
0.0002851848876161,4.814110887707557e-07,99.80181455612184,0.0568246934562921,0.0499387504532933,0.0008668627742736,0.0902704894542694
89.69111319674411,0.0036859107086635,2.208723391142296,0.031883462524119,4.955077389487909,0.8439431041709309,2.2655772883388146
0.4523416441867776,3.348701819101274e-09,0.091460871783093,0.2553191895774973,0.7365073596379328,1.1009584731211095,97.36340673406043
0.0002579019110271,1.0375636913767355e-13,0.6450032815337181,0.113119522575289,63.94927501678467,24.43142980337143,10.86091846227646
0.0029343125788727,2.5904711709046072e-08,96.56328558921814,1.232374086976051,0.001424797301297,2.170018292963505,0.0299690582323819
0.0241861678659915,1.516086669887037e-14,0.3810400143265724,0.3031909931451082,4.478966530996331e-06,99.28834438323976,0.0032401865610154
3.549212701514648e-07,9.878459708807335e-17,0.1927813398651778,0.0086340900452341,64.2819344997406,2.23858622611095e-09,35.5166494846344
4.523672061940154e-09,1.1156962988266368e-17,0.0181737254024483,0.002319424856978,0.1659312169067561,5.521195589608397e-05,99.81352090835573
3.549212701514648e-07,9.878459708807335e-17,0.1927813398651778,0.0086340900452341,64.2819344997406,2.23858622611095e-09,35.5166494846344
2.4991024285554886,0.0012242016055097,0.1082634204067289,4.5236259893499664e-05,97.10355401039124,1.1493686002950201e-07,0.2878153463825583
0.0001114748442887,4.244723683655138e-07,48.60469102859497,0.0589437724556773,6.014635413885117,6.785196848824171e-07,45.32162547111511
0.4179156851023435,1.0274663342357827e-07,98.98635745048524,0.0485812750412151,0.5210280884057283,9.26282961444258e-07,0.0261167384451255
4.523672061940154e-09,1.1156962988266368e-17,0.0181737254024483,0.002319424856978,0.1659312169067561,5.521195589608397e-05,99.81352090835573
0.0002145929784092,8.052307610758222e-19,73.52173328399658,0.0099439224868547,3.5111664686837685e-06,26.46810412406921,7.737784718520047e-09
0.0002145929784092,8.052307610758222e-19,73.52173328399658,0.0099439224868547,3.5111664686837685e-06,26.46810412406921,7.737784718520047e-09
2.415836974978447,1.6647650055365282e-10,0.020821817452088,0.1853783498518169,0.4999257158488035,0.0316980469506233,96.84633612632751
1.6200564870305645,0.0025120223010669,83.0031911138524,0.0520428937501184,1.2580961557443329,14.061147160666842,0.0029557675474446
1.883607730269432,6.941994756815006e-08,4.739683866500855,2.598672033116145e-06,92.543363571167,0.0001245541852767,0.8332195691764355
0.0763488176744431,7.906069326773721e-12,0.0009348129424324,1.1672304011881351,0.0702118792105466,0.0018155362340621,98.68345856666564
0.08599170181292,7.294394967621685e-08,7.759577498410791,0.0735693072978739,87.13817519773097,0.0060525951963999,4.936633553304288
1.1993538452691797e-12,0.0,4.824811592698097,2.711121691728602e-10,2.6773319672379614e-08,94.209086894989,0.9661021642386912
0.004590333174594,3.574069233558244e-14,0.2201900017374755,4.016051730737642e-06,99.21732540233884,0.0039353543415085,0.5539561020705761
1.055945695466187e-09,2.815973675520141e-20,0.4644831176847219,0.0270128453848883,0.7102011237293482,7.498181275877869e-06,98.7982988357544
0.1391547382809221,2.72856459648807e-09,66.4612352848053,0.0006641050731559,0.0001512939661552,33.39879810810089,5.732660124380118e-07
4.901034537232771e-07,2.9424993953833997e-18,0.115491503282875,0.0072975225323265,0.7072455205616666,1.6431266216695316e-06,99.16996354877732
46.03971219299508,2.50065384205559e-05,12.103524035425426,1.7103320313602308e-05,34.77799503672093,0.2459031676294307,6.832819839287986
6.656960538364842e-08,1.5524380152607414e-14,64.53703045845032,0.0337155623128637,0.2590860472992062,5.249945367324926e-07,35.170167684555054
0.4319998435676098,6.623042114739519e-08,1.732398010790348,0.0519770255777984,79.48899269104004,0.1848094165325164,18.109820783138275
4.187093588284702e-07,1.4957349561410435e-16,0.025907166216577,1.4500661980608022e-06,19.21368057809356,1.4439109658141765e-07,80.76041226151062
32.76631832122803,1.6950359338352428e-05,5.169015750288963,2.8026022017002106,28.94301414489746,28.017887473106384,2.301146276295185
2.044934779405594,1.4305710749340506e-05,0.8628032170236111,0.1744140754453838,13.313928246498108,0.0441515992861241,83.55975151062012
17.65001118183136,1.8589391004297795e-05,71.71489596366882,10.397344827651978,0.0165410121553577,0.0023577627871418,0.2188383135944605
0.000209738007007,9.735349687872943e-07,0.0267245023704472,98.992866157635,0.0086147355697454,0.0001204476946325,0.9714693057798512
0.003827305273104,1.2853633854586168e-10,0.0027376292377205,99.99126791901992,0.0001131815974235,3.161556621761073e-09,0.0020536262441841
0.0322639651130884,1.4250590707476365e-07,10.512187331914902,0.004491032086662,5.269346013665199,0.000551886842004,84.18116569519043
3.592468798160553,1.1965225477084118e-07,4.337254166603088,0.1370417070575058,9.26211103796959,0.0017723235941957,82.66935348510742
1.525950870022567e-05,7.93606113582039e-10,0.0483982934127475,99.95085596745348,3.154192373221913e-08,2.524009450618176e-09,0.000735891079082
0.1169065479189157,3.032715412132348e-07,14.779014885425568,0.0004685513431468,17.413713037967682,0.0005501443411048,67.6893413066864
0.1302999793551862,1.371648454540075e-10,9.072867035865784,9.989124691855976e-05,54.977333545684814,0.0009570469046593,35.81843972206116
3.772346660076219e-07,3.6608275018769947e-10,93.15410811627557,5.095607018077785e-08,6.83714415652419,5.825079481526854e-10,0.0087501668289868
0.4736140934960953,4.182830691954493e-08,8.129839823226908,0.001503276141227,90.91526757660718,0.0028130436191634,0.476963316138186
1.0745604522526264,2.342188665238609e-06,73.6207365989685,0.0985984108410775,18.951989710330963,5.157890170812607,1.0962266474962234
0.0008320150300278,9.859708882675733e-09,1.1833871714770794,98.41421246528624,0.0002758810296654,0.2891597338020801,0.1121382694691419
3.926215867977589e-05,1.1394877012446679e-10,0.2669721376150846,0.0002208217665611,3.87860765727055e-06,99.732768535614,5.027638375065813e-09
0.6160528766246365,0.0049990397452502,59.51359030685367,0.1752786675634186,37.80952619370974,2.3384900744124804e-06,1.880557760927544
6.846823543310165,6.360990312259673e-06,35.853755474090576,5.500053816831496e-05,51.79828405380249,0.0050112721510231,5.4960645735263824
0.1046322635374963,8.554591757192753e-09,0.3701075911521911,0.0002507113094907,0.9237965568900108,2.089026907015068e-05,98.60119223594666
0.3294500020191074,6.234953897328908e-09,0.0398177037000032,0.0018282827293827,7.147953340289196,9.575613171770797e-13,92.48095109945244
4.80865053832531,3.805358517183777e-05,0.1351254293695092,48.96683394908905,0.0032946678402367,0.0291769072646275,46.056875586509705
0.3471284147503027,4.372719114307888e-09,7.598517542989107,0.0001039316037452,91.81656788686324,0.0086258941931251,0.2290633876435987
1.0108179139115914,0.0001020515461495,76.68264190165497,1.8822550392442892,2.763471050444716,17.424816796205427,0.2358877284511651
76.19892671095451,0.0001696420529108,5.651845339160602,0.0144975451805496,16.460182244799405,0.0795479842295329,1.5948355236453442
0.0495717977173626,8.330250378385529e-09,1.008590403944254,0.0372541282558813,3.637224063277245,0.0042350387957412,95.26312947273254
9.195539295292487e-10,2.5140953238709543e-16,0.0015373265341622,0.0020111261619604,0.0028040820325259,8.530912865012397e-07,99.99364614486694
2.489345334470272,2.30253878186204e-06,10.550230741500854,0.0343010411597788,0.0008419133337156,86.92224621772766,0.0030333158065332
0.0802709662821143,1.3618485505961786e-08,68.40202808380127,0.0029856026230845,0.1128825591877102,31.401702761650085,0.00013420886944
0.0705578364431858,1.1281942047247641e-08,74.98364448547363,0.0113143665657844,0.0664562510792166,24.867910146713257,0.0001163983824881
13.023544785553838,2.8502699377981288e-05,18.73224452349609,0.0962413558094822,0.0116594231001509,67.6660695474065,0.4702085068573347
0.0427997641963884,3.179552177101641e-08,0.0256936851656064,69.83546018600464,0.0010694385309761,0.0039709266275167,30.09101450443268
0.1563707320163526,1.826879421251353e-07,1.05109367011114,0.0126192899679477,0.1108370387806938,98.66906388629243,2.026097646935041e-05
1.80627921508858e-05,1.2706144735071388e-20,0.076301209628582,4.026246835930891e-08,99.45354461669922,6.047297773648097e-07,0.4701388999819755
14.59630007699729,9.573564194679949e-08,72.06579113790883,8.976316583169834e-06,10.45341243784576,2.882455632979349,0.0020351372465934
0.7659985200015926,5.472751438287084e-05,75.00045597558689,0.7071223487254797,19.59918524017158,0.1522805606871021,3.7749101251256616
16.763343898851407,1.8852734013589223e-06,3.925618806407594,0.000115141958675,78.91104472743932,0.0312254290358583,0.368642879476502
0.0644085598125082,1.0798303643709844e-10,1.0269569525965396,0.0386444897823917,15.29044840221982,0.0044879145100275,83.57505602539254
2.472493425011635,0.0003637413783508,77.93781161308289,0.0643694307655096,0.2915855497121811,19.231998920440677,0.0013741655493504
0.0002300488996083,9.374558878327901e-13,20.05229115797825,19.246451213744358,2.2733253850534787,0.012573233856528,58.4151302823502
0.0074235988781883,1.9424556692132257e-13,0.1493880963519571,99.8373567961071,0.0016240125718752,0.0041881858801179,1.7044991856947115e-05
0.0254455183199729,4.3461573738052234e-09,84.31631829239835,10.734832181622515,0.0003148325691953,4.86007361770115,0.0630126837946584
7.8959357974491,5.224528343827617e-08,46.78044597986018,0.0005793625295783,44.9561473701088,0.1915697471801786,0.1753285748148605
5.5867206612833856e-12,4.816282841305094e-31,0.0795793603174388,5.373151257259678e-07,6.541253541429702e-11,99.8964548110962,0.0239648928982205
1.2636124156415462,2.337420701437054e-07,0.8674201555550098,20.74406892061233,0.6659782025963068,0.0239543500356376,76.4349639415741
1.2596537720079697,3.000605406158705e-07,53.25784644390984,0.0161287690261542,34.845535773571044,0.1275744020663914,10.493254900782716
0.3775003831833601,1.081951150894156e-06,36.03266179561615,1.7800917848944664,0.0047223878937074,61.76943778991699,0.0355876400135457
0.039173446718697,3.507130068631424e-14,9.52014309287924,1.4892897916139866e-10,90.43484273164528,2.586096042689305e-05,0.0058169964006289
7.374580204486847,2.682672750609072e-06,2.923994325101376,0.1284089288674295,89.55408334732056,0.0003122749831163,0.0186230463441461
20.26503086090088,5.005337015973055e-05,19.330741465091705,0.3405283205211162,0.7686859928071499,55.33180236816406,3.963161632418633
3.9398225915643454,1.4684899322349112e-07,6.872300729477319,0.0014377677976416,85.93320418200443,0.0348430958484147,3.21838444848246
3.106067565915065e-05,4.422190738220261e-15,0.0371010929821618,1.0760571594428583e-05,83.70746568352394,4.484762604009298e-06,16.25538125570044
0.0070471681498806,6.698724863010607e-14,0.1256273743513076,0.0011026347642878,12.506155670422991,1.397580168107768,85.9624905541528
0.000865845777298,3.3624914918400917e-10,91.7012870311737,6.496810556200217e-05,0.0014856952475383,8.29630121588707,9.437420844804478e-08
2.1487864265701265e-08,2.2083080870201924e-18,0.0011130024176964,2.723372194424201e-07,2.903810329735279,2.504596703645223e-09,97.09507822990416
0.1009138068184256,3.4523787917351e-05,95.1432466506958,2.5515662506222725,0.0220067668124102,0.4034762270748615,1.7787620425224304
11.563143078276102,2.0369576040994192e-05,4.644529798300851,0.4251957193133663,0.1451416958952961,82.65738383873605,0.5645897575968359
0.6716698873788118,1.1818383728254278e-10,0.09600241901353,2.4249818819654934e-08,2.33828816562891,2.4390393704720736e-06,96.89403772354126
7.207100838422775,0.0014399732208403,5.1047153770923615,0.0393868627725169,12.906064093112946,0.8603354915976524,73.88095259666443
0.2041828575214317,1.1695081729990076e-06,0.1254781931068667,0.0135988402849514,0.0039973156854683,99.6524870809928,0.0002526508677733
23.867830634117126,1.1213052886205332e-05,0.963965430855751,4.562848061323166,26.922056078910828,0.4840034060180187,43.199291825294495
45.21603286266327,0.0487833545776084,0.7723422721028328,0.0558232772164046,6.073692813515663,0.0542059482540935,47.77911603450775
0.0338022791904824,0.0039517190625518,68.69145445176687,2.9854385099076337,0.1521827278097109,28.043730738385364,0.0894411811365146
0.0037290758376809,2.152745714001941e-12,65.44470581082736,0.0726402664081911,2.30038323889668e-05,34.478898911410504,2.822389503817748e-12
0.0058463243783176,6.313293674703263e-14,5.179259308664881,2.3906232363799346e-06,94.38843794006848,0.0005037201244489,0.4259454044317717
23.148033022880558,8.511360505281118e-06,18.874908983707428,0.6009204313158989,46.58021330833435,1.570301316678524,9.22561213374138
2.314866165420426e-06,2.706025044584372e-19,95.89837789535522,0.0070986963692121,0.0040363691368838,4.082559049129486,0.0079296652984339
0.0111899586045183,5.208220939484191e-13,0.0034883483749581,2.238194269921223e-05,0.2599271945655346,7.275463564937469e-08,99.7253715991974
14.825284481048584,0.0002558756250437,26.16945803165436,0.7446995936334133,38.549745082855225,1.842201873660088,17.868351936340332
2.5520656257867813,0.0001140033077717,93.2843804359436,2.6244595385804814e-07,4.101156443357468,0.0051286227972013,0.0571541779208928
35.74432049657825,6.2524524010187745e-09,0.0673798360510817,0.1233243573389564,62.16667068998043,0.0008610314184157,1.8974510221154104
2.502440921148264e-07,4.54564036174838e-16,99.95142221450806,2.219816344628533e-10,0.0007266236480063,7.645202693140618e-07,0.0478483503684401
1.366684050359243,4.929405628916307e-06,72.29390474630537,0.0276318107155414,1.2637531740959675,25.016352532344754,0.0316643060156785
0.0090955798405847,1.57284035338183e-14,81.00060707334322,1.1320888478367287e-09,18.99001413524235,0.0002646850065015,1.8881189293913505e-05
69.81212496757507,2.95605033506785e-09,0.0758175970986485,1.2983424589037895,19.52187418937683,7.597733997499745e-06,9.291834384202955
8.749390914999896,0.0002883069500007,44.752829954196805,0.4121791817056645,28.573157106230088,16.405358398280047,1.106801043111148
3.7914974979069694e-10,1.2921473834786131e-24,0.882972963154316,0.2094907918944955,1.867320326143229e-08,4.556006061307016e-06,98.90753030776978
0.0041693749640323,2.408398646197583e-12,7.387770576742819,1.267122811059145e-07,0.0261051840228368,92.58195250249476,2.9346251705331355e-06
0.0625132932327687,4.319792407895401e-11,3.14815416932106,1.6542057323931658e-05,92.2659695148468,0.0018844768419512,4.521462693810463
0.3310604486614465,1.3383863461946532e-08,18.475475907325745,10.497099906206133,58.90830755233765,0.0391378271160647,11.748922616243362
13.522855937480928,0.0017267988368985,21.29930853843689,1.6423409804701803,31.56234920024872,28.26724946498871,3.704167529940605
0.3312167175074479,5.180475333432026e-07,2.1154830891469825,0.0037213886460175,57.24626269892009,0.0036090303847621,40.299709475005805
45.20347473579946,6.189976432931334e-05,35.57293289030398,1.930554472627013e-05,18.376252844780343,0.0195594539366568,0.8276944924659142
9.736514671833197,0.0114345536979953,18.40919961984155,0.0113509805886659,63.931164975831805,0.0593272014958233,7.841007133782335
0.0107349944300949,4.559861250839392e-15,10.554151237010956,1.958998241402554e-09,89.33468461036682,1.6439537375845248e-05,0.1004118821583688
2.401872079297552,6.246176161492987e-05,0.0149960632966795,0.0085657210754345,1.017171172609469,9.96866637057159e-06,96.55732471434172
0.0036898029065923,3.2084682133337594e-09,2.548942156136036,5.449382101119227e-06,97.33415842056274,6.534308250732979e-10,0.1132099190726876
4.0679775863393483e-08,4.3559356311513735e-12,0.6546870264224426,6.0492191253535875e-09,99.34530850322894,5.558568327938574e-12,8.140934456627547e-06
0.1279997639358043,8.804112994198476e-07,75.57119727134705,1.2718159705400467,11.82791292667389,9.719940274953842,1.4811336994171145
17.733293771743774,0.0010675814337446,60.89690327644348,1.099931262433529,7.995623350143433,4.785921052098274,7.4872612953186035
2.293932723232183,0.0022023678969446,82.0179901101601,0.4860102085309972,0.9488196843779464,6.376380458309596,7.874657765071658
2.074230772211002,0.0003766658207361,12.24778218554152,1.6720973951874611,0.4706945085194414,82.59941831823697,0.9354011713207466
0.2523156746324093,1.1958965724274498e-05,2.859708325897655,0.048533899861072,0.0398426414701546,96.7789534593876,0.0206304864113198
1.15932859480381,1.7449928169099849e-07,39.23323154449463,0.0014152085896057,54.14417386054993,2.1287037059664726,3.3331427723169327
77.76996493339539,2.885666674501408e-05,4.613139852881432,0.0139666415634565,9.007292985916138,7.854210585355759,0.7413971237838268
8.08064267039299,0.0001398102313032,0.8001034148037434,0.0474125117762014,85.36247611045837,0.0005165611582924,5.708707869052887
15.90567339591105,2.881567174422096e-06,11.746950537329848,0.0004825436342362,17.86358292536939,1.368322060308211,53.11498008787869
0.0059656329540302,1.3444571790501708e-11,98.40207695961,1.1081211503949362e-06,0.7821555249392986,0.0022895614165463,0.807510782033205
99.99115467176978,2.9663658543280415e-19,5.249826187441415e-05,2.2510185874166305e-05,8.845450985640249e-11,3.21957533333609e-06,0.0087575387189025
1.9544504582881927,6.749785796955621e-06,6.946542859077454,0.5152992438524961,32.13629126548767,2.32085008174181,56.126558780670166
0.6962511222809553,9.449747928602648e-09,12.6241073012352,0.0001262373871213,86.38570308685303,0.0382878060918301,0.2555227372795343
0.9014896117150784,1.6192615248655784e-05,18.375864624977112,0.0058999667089665,75.35544037818909,0.0087915701442398,5.352501198649406
0.5755597725510597,1.6482503296250115e-10,0.7272142451256514,1.3170620150049217e-08,94.6767270565033,2.241476266817699e-05,4.02047410607338
72.41963579771732,9.92881555311656e-05,1.3010583662127475,5.717358039168199e-07,4.623488239853873,3.038592003715885e-07,21.65571431253638
78.14299128735169,3.737497687660564e-06,0.6364165046612614,2.179048503888002e-06,2.187902033281084,2.3870666151400697e-06,19.0326802095556
8.61150324344635,0.0001762784904713,34.702351689338684,0.0282753899227827,44.95700299739838,0.4067542497068643,11.293932795524595
1.980566792190075,3.79553917184694e-06,31.89818263053894,0.0076028161856811,55.20673990249634,0.1882802811451256,10.71862280368805
2.9723920410607917e-10,1.1066077819116715e-14,0.0043667124247593,0.2876199720498902,0.00088299271544,2.3598104877857306e-07,99.70713256043986
2.8421986679553197,0.000467538102967,5.744583874618046,5.392451160696218,71.8411250019744,0.0259545065100196,14.153225073410574
0.5708015523850918,5.965383569062065e-10,1.837213896214962,1.7110461669744836e-05,40.75549840927124,0.0003150033990095,56.83615803718567
1.3848275771634326,7.616756291152759e-09,2.291293765085564,3.5901719294638565e-07,93.0463727144225,8.517633257917271e-05,3.277423055614415
0.4227474118171579,1.5466888607331809e-12,0.7987251050010387,3.972129394467586e-12,98.39902510637197,4.041839104512262e-07,0.3795038669260661
0.5236487211407755,2.3438768130025698e-07,3.542515585718681,8.350101125448005e-06,65.23692426241347,2.553364859364011e-05,30.69687417782853
0.0007774146070005,4.067747472191741e-07,99.82569813728333,0.0133447581902146,0.1598590170033276,1.3781737528972826e-06,0.0003273070660725
2.0418401807546616,5.541513081741556e-09,1.9437246024608608,8.779133531255924e-08,94.67362761497498,5.289120394991187e-05,1.3407543301582336
0.0102650839835405,4.348598814374327e-07,52.329421043396,4.516031424373068e-05,47.46719300746918,1.1345691096689703e-10,0.1930756494402885
31.185588240623478,0.0201519535039551,7.538586854934692,39.80507850646973,3.855728730559349,2.1961193531751637,15.398743748664856
8.15910090383553e-06,1.424975326905531e-09,89.99109804577219,9.953883883588546,0.0259332694436695,0.0071621358705467,0.0219121428345117
0.0549350457731634,1.3943887711143077e-08,2.520759217441082,2.0965029712272099e-07,97.41807579994202,1.8452675476510198e-05,0.0062086248362902
3.9805608380175137,0.0006003498941431,4.090031852724066,0.212637208037806,7.7736359997770785,0.064512654560441,83.87802147138247
1.764041018488517e-07,2.6123429569526806e-20,0.0034999511893809,3.1194447757248067e-10,61.0670185725104,1.2327235779132839e-11,38.92948263463274
0.1768534886650741,6.069825089598245e-11,0.0033414482459193,0.0003691230176627,0.1072228304110467,0.0002571399818407,99.71195459365843
2.3766830563545227,6.652029593823272e-07,1.3155731372535229,0.0021298748833942,57.39727020263672,1.2360202106265206e-05,38.90832960605621
2.918204292654991,1.876261421784875e-05,0.137344014365226,0.0101894038380123,8.472776412963867,4.348606239545916e-05,88.46142888069153
2.387459017336369,1.3061396408886594e-08,8.284195512533188,2.3143080507548323e-08,81.12986087799072,0.000136784535698,8.198351413011551
1.4026142747258774e-08,4.137055588547666e-22,98.3301281929016,1.634802669286728,3.095356859716958e-07,0.0336749013513326,0.0013938823030912
0.9586929132112368,6.504346649728428e-05,86.63936416633557,0.0298808147667494,10.026659366290644,0.3434752403154683,2.001851930993565
3.142284601926804,2.4330401582339792e-08,64.03295397758484,1.1025186807955834e-05,0.3094252897426486,27.57524847984314,4.940075799822807
21.0188165307045,0.0016024299839045,60.80738306045532,0.0017230167941306,16.495445370674133,0.0136903254315257,1.6613423824310305
0.0068314817326609,2.7772930981904972e-11,52.9448926448822,0.1295454916544258,14.317023754119871,32.40283131599426,0.1988816075026989
34.364134073257446,0.0057481331168673,20.122097432613373,0.04730109940283,5.709192901849747,0.6976939272135496,39.05383050441742
81.24297261238098,0.0002026655693043,8.658916503190994,0.0020644520191126,9.763742983341215,0.0604552158620208,0.2716472838073969
7.223037465820896e-13,1.209291561197337e-24,1.253066347654527e-05,5.02374782852578e-08,1.908015548264036e-05,3.4744740407370912e-09,99.99997019767584
3.420278105181751e-06,2.3545914024959702e-11,8.406225591897964,91.5937066078186,6.059663064661436e-05,1.1997376425654238e-06,3.5790986174788486e-06
0.4661493003368377,1.5999326308246967e-07,92.94122457504272,0.0002279570480823,5.61954528093338,0.971180573105812,0.0016739320926717
3.020053223210387e-05,1.799330524968718e-15,91.94509339005312,2.976351981311609e-09,7.866944841560413,0.001520420209674,0.1864136307784099
6.746289693203201e-10,3.021663098744067e-23,0.0038997556253656,5.03173426273837e-06,0.000261844063207,6.356120009478155e-07,99.99583363508188
6.746289693203201e-10,3.021663098744067e-23,0.0038997556253656,5.03173426273837e-06,0.000261844063207,6.356120009478155e-07,99.99583363508188
5.077580969681863e-06,2.413003100995145e-09,1.469104172683011,0.0002818571315145,0.0177741512423806,0.0114280613606292,98.50140801080514
1.242076166363404e-05,3.9763050301401876e-12,99.87919926643372,0.0023503371266997,5.181883722116254e-06,0.1178352511487901,0.0006060732175683
5.963212288406794e-05,1.13346825144061e-11,2.096679247915745,0.0008932539458328,2.0144113044295866e-07,97.90236949920654,3.5088299182427927e-12
3.419317884389983e-08,4.235147675671368e-17,0.0001880184868241,4.972950176651558e-09,99.99806880950928,4.812857749911187e-16,0.0017408472558599
3.419317884389983e-08,4.235147675671368e-17,0.0001880184868241,4.972950176651558e-09,99.99806880950928,4.812857749911187e-16,0.0017408472558599
9.469626434110978e-05,3.164593176791891e-15,0.0021582573026535,3.27998264992857e-05,99.7670352458954,1.0550184857682776e-10,0.2306790323927998
57.6502357512853,0.0016015244045388,18.487426250423564,0.4237726583345328,20.42490961700139,2.7681197758388385,0.2439405216017676
1.0475677214571988e-06,1.3017923634898234e-15,99.93962049484252,1.9682708796153747e-05,0.0004746392733068,0.0598833605181425,3.757187616582058e-08
0.0007293989710888,1.181517297194068e-09,19.73451524972916,0.2638099016621709,22.26395308971405,0.0003704597929754,57.73662328720093
1.7438363896957008e-13,1.0788296518580529e-23,0.0026616088245078,1.4750061634565483e-06,5.137231173395487e-10,2.9519272393576947e-06,99.9973297122324
9.997934003096048e-16,2.6291591769622863e-27,0.0021465181986528,0.000131338897777,1.5133895206910222e-11,0.0381134928869762,99.95960593705108
4.414623573927197e-12,2.0006578751222072e-23,0.0059419802710181,3.20134391218474e-08,0.0005811626579088,1.4663949579347274e-12,99.99347925186156
4.594701802414763,4.003246931086538e-09,91.99417781795132,1.77993381762439e-05,3.2336605777538168,0.0063069961591602,0.1711349221436633
6.831718428044448e-15,5.325223003462358e-28,2.8875066959699325e-05,3.082112121077785e-07,5.665849733826889e-09,3.4145144936319205e-12,99.99997615814208
1.452477502762912e-05,2.6607379791714734e-06,1.3109982291233248e-05,99.68354109721886,0.0152950491567456,1.1705833517056892e-08,0.3011317331857403
0.1503486857957354,4.471203535245562e-09,3.759965524671407,0.0151105350508114,0.0003201775107146,96.0742471262364,7.078859165558346e-06
3.1335368752479558,1.3250485153548652e-07,4.150580987334251,0.0001866615320977,79.99774813652039,0.0069303554482758,12.711016833782196
6.322711706161499,0.000630644535704,92.92397499084473,0.0004205158802506,0.0288221170194447,0.7214234210550785,0.0020130419216002
0.0925229044365378,5.281603160854808e-10,0.7476177512179465,0.0244055350771679,2.8491582557057296,0.1025969107320553,96.18369914196128
2.4666239103326992e-11,2.0434551979272707e-16,0.0068727422330994,1.5772414485581976e-05,0.0001560011924084,4.9202431018358084e-08,99.99295473098756
0.1851377659477293,0.0145184778375551,35.603150725364685,0.0027009671612177,27.34329402446747,0.0001151934952758,36.85108125209808
4.275426022104512e-05,1.0816073592323505e-07,4.454871639609337,0.0297414575470611,6.6770970821380615,0.0003624707460403,88.83788585662842
1.0901773766199163e-16,4.588096957666936e-26,0.0053246938013754,7.859897923595601e-09,3.501570131613357e-07,1.979403287131648e-08,99.9946773049043
4.5443177786094736e-17,3.365804836741581e-35,2.453827071005415e-07,1.624919027693625e-06,0.000195350457393,3.8411742751997167e-19,99.99979734423192
4.0535710751922416e-05,9.424393734789792e-11,99.3517876444116,0.4225820264867512,0.0474532136469973,0.0001132584067408,0.1780222190666533
1.9431034472411343e-10,1.2624313669522783e-16,0.0108360436570364,1.894887873277185e-05,0.0019942710423492,3.225723160804605e-09,99.98714923858644
0.0303097265962092,0.0407321824797248,26.510596095252502,65.54260664670389,0.085839974007088,0.0012324089206828,7.788676585116794
0.0007070373579485,1.73203170471286e-08,1.4300293210166288,0.1720875604204869,98.3656465033082,7.36805174713558e-09,0.0315311412727395
0.028698329697363,0.0167692996910773,50.62502026557922,27.446627616882324,0.151184806600213,0.0063755273004062,21.72532230615616
1.946458993984379e-06,1.0079790335737473e-07,0.2191458130255341,96.63814902305604,0.0003193838665538,0.0006095899607316,3.141774982213974
1.946458993984379e-06,1.0079790335737473e-07,0.2191458130255341,96.63814902305604,0.0003193838665538,0.0006095899607316,3.141774982213974
14.78637307882309,0.0001538610263196,42.16484427452088,0.1431269221939146,2.5231633335351944,38.97271156311035,1.4096264727413654
58.78503813921951,8.712713777647131e-05,0.5493028365906671,2.8841888819111725,12.0732911439787,9.446201837515613,16.26188263155429
0.0266689807176589,1.4404189006030953e-15,0.0358494755346328,0.0134795642225071,49.4585782289505,1.5172760270409924e-08,50.46542882919312
3.596787312432071e-07,2.01534142564401e-11,6.096898764371872,0.0001859156327554,1.8837176263332367,0.0005029306066717,92.01869368553162
0.0266689807176589,1.4404189006030953e-15,0.0358494755346328,0.0134795642225071,49.4585782289505,1.5172760270409924e-08,50.46542882919312
3.7991773615964064e-08,2.743563568604473e-11,0.0024627865059301,95.00101804733276,0.0006984538686083,1.9191294386988744e-08,4.9958232790231705
9.53694970218244e-09,5.959943535418802e-22,0.0001403272335664,94.57674026489258,0.0091043373686261,1.3417520133146563e-10,5.414017289876938
2.6443103706697e-05,1.6317202991237442e-14,0.2822913695126772,0.0014807556908635,1.2083989808786557e-06,99.71619844436646,3.190228081706437e-07
7.147885838497902e-05,8.334403976628554e-10,53.396871888451095,0.0003962564514668,46.52352908393914,2.404042619492736e-06,0.0791387272205935
5.31367555006538e-05,2.3001575677722007e-07,4.52824745898265e-06,99.93205071305624,0.0657928214208398,1.9661405574603223e-09,0.0020994851409489
41.181761026382446,8.517856997514173e-06,35.36847531795502,0.0015991894542821,20.280516147613525,3.153388574719429,0.0142527263960801
8.345213871119879e-06,7.812716258257986e-14,91.86160467405377,1.21148028883103,0.6075672132601992,1.8920668178425169e-06,6.319340326707402
8.345213871119879e-06,7.812716258257986e-14,91.86160467405377,1.21148028883103,0.6075672132601992,1.8920668178425169e-06,6.319340326707402
0.0868789968080818,3.0124138561404837e-05,99.31204319000244,0.0877145968843251,0.2493036445230245,0.051697005983442,0.2123392885550856
37.21417486667633,0.0015174350664892,38.36280405521393,0.4281108733266592,10.144858807325363,8.649265766143799,5.199265480041504
0.5088711460751978,9.5579394544942e-08,0.0362214362883678,13.728629870929112,2.466579859946958,0.0005869492619843,83.25911064500276
1.153038338034567e-05,2.0090878243830367e-15,0.1187724132104166,0.0004471474124368,90.22403301143844,6.191849069494956e-08,9.65673608522034
0.0319050654070451,8.035677012685483e-06,1.2485271319746971,0.1223643543198704,97.20702171325684,0.0003903342076228,1.3897815719246864
21.68410867452621,0.0008156549483828,24.83070343732834,0.0070712521846871,51.52916312217712,0.0096207550086546,1.93852037191391
0.0319050654070451,8.035677012685483e-06,1.2485271319746971,0.1223643543198704,97.20702171325684,0.0003903342076228,1.3897815719246864
0.2201720606535673,1.7438387539536746e-09,4.61939349770546,1.1888184303643357e-05,94.4923996925354,3.189499295785936e-05,0.6679930724203587
0.0319050654070451,8.035677012685483e-06,1.2485271319746971,0.1223643543198704,97.20702171325684,0.0003903342076228,1.3897815719246864
49.17454118576892,3.7897601983929457e-06,0.3423362010247231,22.47304305273551,15.11187047433081,7.101495921600542e-05,12.898134463914303
11.035267263650894,1.1122190812784538e-05,38.37554752826691,0.0042374340409878,50.45860409736633,0.0330788578139618,0.0932510360144078
96.0149884223938,4.403381836937115e-06,0.3748345421627164,2.1903669461607933,1.3523571193218231,0.0226031828788109,0.0448389764642342
96.0149884223938,4.403381836937115e-06,0.3748345421627164,2.1903669461607933,1.3523571193218231,0.0226031828788109,0.0448389764642342
96.0149884223938,4.403381836937115e-06,0.3748345421627164,2.1903669461607933,1.3523571193218231,0.0226031828788109,0.0448389764642342
4.7997926233810375e-21,0.0,5.730678952209356e-10,4.0966644139495134e-10,8.11865819797669e-11,2.0086205791965497e-14,100.0
0.0032316380384145,3.662462585811432e-11,48.90765547752381,0.0182125048013404,0.0003378705969225,51.07056498527527,2.263878862152069e-07
96.0149884223938,4.403381836937115e-06,0.3748345421627164,2.1903669461607933,1.3523571193218231,0.0226031828788109,0.0448389764642342
96.0149884223938,4.403381836937115e-06,0.3748345421627164,2.1903669461607933,1.3523571193218231,0.0226031828788109,0.0448389764642342
1.5101332543617358e-10,1.723517101203686e-15,0.0002489482915871,20.16512424737956,1.2759384532284024e-06,9.632937244723894e-08,79.83462690321367
0.0033300260506865,9.96631565039486e-06,1.201428702303326,98.1436433620878,0.0267390013462005,0.0002606803180534,0.6245839130629405
0.2341261832043528,2.4003361798197176e-09,90.3755784034729,8.977272361516953,0.0178479051101021,0.3070417093113065,0.0881413230672478
9.142087944870468,1.1741686101603946e-08,2.6561390329086203,0.0024550313909393,86.69289867239587,0.3236570821274568,1.1827617657340626
8.893432124068568e-06,9.218820231612713e-22,0.0454922090284526,2.495383455425326e-07,96.70497179031372,2.0094624630928597e-06,3.2495293766260147
0.0037918471207376,7.027032601636395e-10,0.0044907981646247,3.524853582348442e-05,0.0120306001917924,99.97965693473816,5.222739463128789e-08
0.077237089863047,2.2952407525587623e-12,5.164191499352455,0.3627445781603455,11.142035573720932,5.591485276818276,77.66231298446655
0.2165346613932059,0.0001978689388715,95.15095410931656,0.0322630328548436,4.007768153218251,0.1021479367511944,0.4901287492956221
0.0695190159603953,1.2029643947641946e-07,43.61632466316223,0.2775884000584483,3.0997704714536667,52.01703906059265,0.919757690280676
0.0161949132792413,1.1345961739302669e-10,7.468443809058893,0.0013898801544993,79.99818801869083,9.335745682462791,3.180039118530697
0.0224595699109253,1.2404959577312576e-06,0.552142770343588,0.0003722561808864,99.37143322059114,6.114993598478578e-09,0.0535929840337028
0.0351939903339371,1.2106113637597169e-10,25.2644956111908,0.0407960411394014,0.0011676556823658,74.65835213661194,3.486468003188748e-07
